class_name,image_type,parent_id,filename,assigned_split,status_reason,relative_output_path
FreshFish,Raw,a_salmon_fresh_17,a_salmon_fresh_17.png,train,Included in Train (Raw Split),train\FreshFish\a_salmon_fresh_17.png
FreshFish,Raw,a_salmon_fresh_16,a_salmon_fresh_16.png,train,Included in Train (Raw Split),train\FreshFish\a_salmon_fresh_16.png
FreshFish,Raw,a_salmon_fresh_03,a_salmon_fresh_03.png,train,Included in Train (Raw Split),train\FreshFish\a_salmon_fresh_03.png
FreshFish,Raw,a_salmon_fresh_15,a_salmon_fresh_15.png,train,Included in Train (Raw Split),train\FreshFish\a_salmon_fresh_15.png
FreshFish,Raw,a_salmon_fresh_06,a_salmon_fresh_06.png,train,Included in Train (Raw Split),train\FreshFish\a_salmon_fresh_06.png
FreshFish,Raw,a_salmon_fresh_14,a_salmon_fresh_14.png,train,Included in Train (Raw Split),train\FreshFish\a_salmon_fresh_14.png
FreshFish,Raw,a_salmon_fresh_19,a_salmon_fresh_19.png,train,Included in Train (Raw Split),train\FreshFish\a_salmon_fresh_19.png
FreshFish,Raw,a_salmon_fresh_13,a_salmon_fresh_13.png,train,Included in Train (Raw Split),train\FreshFish\a_salmon_fresh_13.png
FreshFish,Raw,a_salmon_fresh_24,a_salmon_fresh_24.png,train,Included in Train (Raw Split),train\FreshFish\a_salmon_fresh_24.png
FreshFish,Raw,a_salmon_fresh_07,a_salmon_fresh_07.png,train,Included in Train (Raw Split),train\FreshFish\a_salmon_fresh_07.png
FreshFish,Raw,a_salmon_fresh_10,a_salmon_fresh_10.png,train,Included in Train (Raw Split),train\FreshFish\a_salmon_fresh_10.png
FreshFish,Raw,a_salmon_fresh_02,a_salmon_fresh_02.png,train,Included in Train (Raw Split),train\FreshFish\a_salmon_fresh_02.png
FreshFish,Raw,a_salmon_fresh_21,a_salmon_fresh_21.png,train,Included in Train (Raw Split),train\FreshFish\a_salmon_fresh_21.png
FreshFish,Raw,a_salmon_fresh_12,a_salmon_fresh_12.png,train,Included in Train (Raw Split),train\FreshFish\a_salmon_fresh_12.png
FreshFish,Raw,a_salmon_fresh_11,a_salmon_fresh_11.png,train,Included in Train (Raw Split),train\FreshFish\a_salmon_fresh_11.png
FreshFish,Raw,a_salmon_fresh_23,a_salmon_fresh_23.png,train,Included in Train (Raw Split),train\FreshFish\a_salmon_fresh_23.png
FreshFish,Raw,a_salmon_fresh_05,a_salmon_fresh_05.png,train,Included in Train (Raw Split),train\FreshFish\a_salmon_fresh_05.png
FreshFish,Raw,a_salmon_fresh_20,a_salmon_fresh_20.png,train,Included in Train (Raw Split),train\FreshFish\a_salmon_fresh_20.png
FreshFish,Raw,a_salmon_fresh_08,a_salmon_fresh_08.png,test,Included in Test (Raw Split),test\FreshFish\a_salmon_fresh_08.png
FreshFish,Raw,a_salmon_fresh_09,a_salmon_fresh_09.png,test,Included in Test (Raw Split),test\FreshFish\a_salmon_fresh_09.png
FreshFish,Raw,a_salmon_fresh_01,a_salmon_fresh_01.png,test,Included in Test (Raw Split),test\FreshFish\a_salmon_fresh_01.png
FreshFish,Raw,a_salmon_fresh_04,a_salmon_fresh_04.png,test,Included in Test (Raw Split),test\FreshFish\a_salmon_fresh_04.png
FreshFish,Raw,a_salmon_fresh_22,a_salmon_fresh_22.png,test,Included in Test (Raw Split),test\FreshFish\a_salmon_fresh_22.png
FreshFish,Augmented,a_salmon_fresh_01,a_salmon_fresh_01__brightness_reduction__factor_0p6.jpg,ignored,Ignored (Parent in Test),None
FreshFish,Augmented,a_salmon_fresh_01,a_salmon_fresh_01__contrast_reduction__factor_0p7.jpg,ignored,Ignored (Parent in Test),None
FreshFish,Augmented,a_salmon_fresh_01,a_salmon_fresh_01__gaussian_blur__sigma_2p2.jpg,ignored,Ignored (Parent in Test),None
FreshFish,Augmented,a_salmon_fresh_01,a_salmon_fresh_01__gaussian_noise__var_0p02.jpg,ignored,Ignored (Parent in Test),None
FreshFish,Augmented,a_salmon_fresh_01,a_salmon_fresh_01__mirror__axis_x.jpg,ignored,Ignored (Parent in Test),None
FreshFish,Augmented,a_salmon_fresh_01,a_salmon_fresh_01__mirror__axis_y.jpg,ignored,Ignored (Parent in Test),None
FreshFish,Augmented,a_salmon_fresh_01,a_salmon_fresh_01__motion_blur__kernel_11__angle_45deg.jpg,ignored,Ignored (Parent in Test),None
FreshFish,Augmented,a_salmon_fresh_01,a_salmon_fresh_01__motion_blur__kernel_7__angle_0deg.jpg,ignored,Ignored (Parent in Test),None
FreshFish,Augmented,a_salmon_fresh_01,a_salmon_fresh_01__motion_blur__kernel_9__angle_90deg.jpg,ignored,Ignored (Parent in Test),None
FreshFish,Augmented,a_salmon_fresh_01,a_salmon_fresh_01__rotation__angle_-10deg.jpg,ignored,Ignored (Parent in Test),None
FreshFish,Augmented,a_salmon_fresh_01,a_salmon_fresh_01__rotation__angle_10deg.jpg,ignored,Ignored (Parent in Test),None
FreshFish,Augmented,a_salmon_fresh_02,a_salmon_fresh_02__brightness_reduction__factor_0p6.jpg,train,Included in Train (Parent in Train),train\FreshFish\a_salmon_fresh_02__brightness_reduction__factor_0p6.jpg
FreshFish,Augmented,a_salmon_fresh_02,a_salmon_fresh_02__contrast_reduction__factor_0p7.jpg,train,Included in Train (Parent in Train),train\FreshFish\a_salmon_fresh_02__contrast_reduction__factor_0p7.jpg
FreshFish,Augmented,a_salmon_fresh_02,a_salmon_fresh_02__gaussian_blur__sigma_2p2.jpg,train,Included in Train (Parent in Train),train\FreshFish\a_salmon_fresh_02__gaussian_blur__sigma_2p2.jpg
FreshFish,Augmented,a_salmon_fresh_02,a_salmon_fresh_02__gaussian_noise__var_0p02.jpg,train,Included in Train (Parent in Train),train\FreshFish\a_salmon_fresh_02__gaussian_noise__var_0p02.jpg
FreshFish,Augmented,a_salmon_fresh_02,a_salmon_fresh_02__mirror__axis_x.jpg,train,Included in Train (Parent in Train),train\FreshFish\a_salmon_fresh_02__mirror__axis_x.jpg
FreshFish,Augmented,a_salmon_fresh_02,a_salmon_fresh_02__mirror__axis_y.jpg,train,Included in Train (Parent in Train),train\FreshFish\a_salmon_fresh_02__mirror__axis_y.jpg
FreshFish,Augmented,a_salmon_fresh_02,a_salmon_fresh_02__motion_blur__kernel_11__angle_45deg.jpg,train,Included in Train (Parent in Train),train\FreshFish\a_salmon_fresh_02__motion_blur__kernel_11__angle_45deg.jpg
FreshFish,Augmented,a_salmon_fresh_02,a_salmon_fresh_02__motion_blur__kernel_7__angle_0deg.jpg,train,Included in Train (Parent in Train),train\FreshFish\a_salmon_fresh_02__motion_blur__kernel_7__angle_0deg.jpg
FreshFish,Augmented,a_salmon_fresh_02,a_salmon_fresh_02__motion_blur__kernel_9__angle_90deg.jpg,train,Included in Train (Parent in Train),train\FreshFish\a_salmon_fresh_02__motion_blur__kernel_9__angle_90deg.jpg
FreshFish,Augmented,a_salmon_fresh_02,a_salmon_fresh_02__rotation__angle_-10deg.jpg,train,Included in Train (Parent in Train),train\FreshFish\a_salmon_fresh_02__rotation__angle_-10deg.jpg
FreshFish,Augmented,a_salmon_fresh_02,a_salmon_fresh_02__rotation__angle_10deg.jpg,train,Included in Train (Parent in Train),train\FreshFish\a_salmon_fresh_02__rotation__angle_10deg.jpg
FreshFish,Augmented,a_salmon_fresh_03,a_salmon_fresh_03__brightness_reduction__factor_0p6.jpg,train,Included in Train (Parent in Train),train\FreshFish\a_salmon_fresh_03__brightness_reduction__factor_0p6.jpg
FreshFish,Augmented,a_salmon_fresh_03,a_salmon_fresh_03__contrast_reduction__factor_0p7.jpg,train,Included in Train (Parent in Train),train\FreshFish\a_salmon_fresh_03__contrast_reduction__factor_0p7.jpg
FreshFish,Augmented,a_salmon_fresh_03,a_salmon_fresh_03__gaussian_blur__sigma_2p2.jpg,train,Included in Train (Parent in Train),train\FreshFish\a_salmon_fresh_03__gaussian_blur__sigma_2p2.jpg
FreshFish,Augmented,a_salmon_fresh_03,a_salmon_fresh_03__gaussian_noise__var_0p02.jpg,train,Included in Train (Parent in Train),train\FreshFish\a_salmon_fresh_03__gaussian_noise__var_0p02.jpg
FreshFish,Augmented,a_salmon_fresh_03,a_salmon_fresh_03__mirror__axis_x.jpg,train,Included in Train (Parent in Train),train\FreshFish\a_salmon_fresh_03__mirror__axis_x.jpg
FreshFish,Augmented,a_salmon_fresh_03,a_salmon_fresh_03__mirror__axis_y.jpg,train,Included in Train (Parent in Train),train\FreshFish\a_salmon_fresh_03__mirror__axis_y.jpg
FreshFish,Augmented,a_salmon_fresh_03,a_salmon_fresh_03__motion_blur__kernel_11__angle_45deg.jpg,train,Included in Train (Parent in Train),train\FreshFish\a_salmon_fresh_03__motion_blur__kernel_11__angle_45deg.jpg
FreshFish,Augmented,a_salmon_fresh_03,a_salmon_fresh_03__motion_blur__kernel_7__angle_0deg.jpg,train,Included in Train (Parent in Train),train\FreshFish\a_salmon_fresh_03__motion_blur__kernel_7__angle_0deg.jpg
FreshFish,Augmented,a_salmon_fresh_03,a_salmon_fresh_03__motion_blur__kernel_9__angle_90deg.jpg,train,Included in Train (Parent in Train),train\FreshFish\a_salmon_fresh_03__motion_blur__kernel_9__angle_90deg.jpg
FreshFish,Augmented,a_salmon_fresh_03,a_salmon_fresh_03__rotation__angle_-10deg.jpg,train,Included in Train (Parent in Train),train\FreshFish\a_salmon_fresh_03__rotation__angle_-10deg.jpg
FreshFish,Augmented,a_salmon_fresh_03,a_salmon_fresh_03__rotation__angle_10deg.jpg,train,Included in Train (Parent in Train),train\FreshFish\a_salmon_fresh_03__rotation__angle_10deg.jpg
FreshFish,Augmented,a_salmon_fresh_04,a_salmon_fresh_04__brightness_reduction__factor_0p6.jpg,ignored,Ignored (Parent in Test),None
FreshFish,Augmented,a_salmon_fresh_04,a_salmon_fresh_04__contrast_reduction__factor_0p7.jpg,ignored,Ignored (Parent in Test),None
FreshFish,Augmented,a_salmon_fresh_04,a_salmon_fresh_04__gaussian_blur__sigma_2p2.jpg,ignored,Ignored (Parent in Test),None
FreshFish,Augmented,a_salmon_fresh_04,a_salmon_fresh_04__gaussian_noise__var_0p02.jpg,ignored,Ignored (Parent in Test),None
FreshFish,Augmented,a_salmon_fresh_04,a_salmon_fresh_04__mirror__axis_x.jpg,ignored,Ignored (Parent in Test),None
FreshFish,Augmented,a_salmon_fresh_04,a_salmon_fresh_04__mirror__axis_y.jpg,ignored,Ignored (Parent in Test),None
FreshFish,Augmented,a_salmon_fresh_04,a_salmon_fresh_04__motion_blur__kernel_11__angle_45deg.jpg,ignored,Ignored (Parent in Test),None
FreshFish,Augmented,a_salmon_fresh_04,a_salmon_fresh_04__motion_blur__kernel_7__angle_0deg.jpg,ignored,Ignored (Parent in Test),None
FreshFish,Augmented,a_salmon_fresh_04,a_salmon_fresh_04__motion_blur__kernel_9__angle_90deg.jpg,ignored,Ignored (Parent in Test),None
FreshFish,Augmented,a_salmon_fresh_04,a_salmon_fresh_04__rotation__angle_-10deg.jpg,ignored,Ignored (Parent in Test),None
FreshFish,Augmented,a_salmon_fresh_04,a_salmon_fresh_04__rotation__angle_10deg.jpg,ignored,Ignored (Parent in Test),None
FreshFish,Augmented,a_salmon_fresh_05,a_salmon_fresh_05__brightness_reduction__factor_0p6.jpg,train,Included in Train (Parent in Train),train\FreshFish\a_salmon_fresh_05__brightness_reduction__factor_0p6.jpg
FreshFish,Augmented,a_salmon_fresh_05,a_salmon_fresh_05__contrast_reduction__factor_0p7.jpg,train,Included in Train (Parent in Train),train\FreshFish\a_salmon_fresh_05__contrast_reduction__factor_0p7.jpg
FreshFish,Augmented,a_salmon_fresh_05,a_salmon_fresh_05__gaussian_blur__sigma_2p2.jpg,train,Included in Train (Parent in Train),train\FreshFish\a_salmon_fresh_05__gaussian_blur__sigma_2p2.jpg
FreshFish,Augmented,a_salmon_fresh_05,a_salmon_fresh_05__gaussian_noise__var_0p02.jpg,train,Included in Train (Parent in Train),train\FreshFish\a_salmon_fresh_05__gaussian_noise__var_0p02.jpg
FreshFish,Augmented,a_salmon_fresh_05,a_salmon_fresh_05__mirror__axis_x.jpg,train,Included in Train (Parent in Train),train\FreshFish\a_salmon_fresh_05__mirror__axis_x.jpg
FreshFish,Augmented,a_salmon_fresh_05,a_salmon_fresh_05__mirror__axis_y.jpg,train,Included in Train (Parent in Train),train\FreshFish\a_salmon_fresh_05__mirror__axis_y.jpg
FreshFish,Augmented,a_salmon_fresh_05,a_salmon_fresh_05__motion_blur__kernel_11__angle_45deg.jpg,train,Included in Train (Parent in Train),train\FreshFish\a_salmon_fresh_05__motion_blur__kernel_11__angle_45deg.jpg
FreshFish,Augmented,a_salmon_fresh_05,a_salmon_fresh_05__motion_blur__kernel_7__angle_0deg.jpg,train,Included in Train (Parent in Train),train\FreshFish\a_salmon_fresh_05__motion_blur__kernel_7__angle_0deg.jpg
FreshFish,Augmented,a_salmon_fresh_05,a_salmon_fresh_05__motion_blur__kernel_9__angle_90deg.jpg,train,Included in Train (Parent in Train),train\FreshFish\a_salmon_fresh_05__motion_blur__kernel_9__angle_90deg.jpg
FreshFish,Augmented,a_salmon_fresh_05,a_salmon_fresh_05__rotation__angle_-10deg.jpg,train,Included in Train (Parent in Train),train\FreshFish\a_salmon_fresh_05__rotation__angle_-10deg.jpg
FreshFish,Augmented,a_salmon_fresh_05,a_salmon_fresh_05__rotation__angle_10deg.jpg,train,Included in Train (Parent in Train),train\FreshFish\a_salmon_fresh_05__rotation__angle_10deg.jpg
FreshFish,Augmented,a_salmon_fresh_06,a_salmon_fresh_06__brightness_reduction__factor_0p6.jpg,train,Included in Train (Parent in Train),train\FreshFish\a_salmon_fresh_06__brightness_reduction__factor_0p6.jpg
FreshFish,Augmented,a_salmon_fresh_06,a_salmon_fresh_06__contrast_reduction__factor_0p7.jpg,train,Included in Train (Parent in Train),train\FreshFish\a_salmon_fresh_06__contrast_reduction__factor_0p7.jpg
FreshFish,Augmented,a_salmon_fresh_06,a_salmon_fresh_06__gaussian_blur__sigma_2p2.jpg,train,Included in Train (Parent in Train),train\FreshFish\a_salmon_fresh_06__gaussian_blur__sigma_2p2.jpg
FreshFish,Augmented,a_salmon_fresh_06,a_salmon_fresh_06__gaussian_noise__var_0p02.jpg,train,Included in Train (Parent in Train),train\FreshFish\a_salmon_fresh_06__gaussian_noise__var_0p02.jpg
FreshFish,Augmented,a_salmon_fresh_06,a_salmon_fresh_06__mirror__axis_x.jpg,train,Included in Train (Parent in Train),train\FreshFish\a_salmon_fresh_06__mirror__axis_x.jpg
FreshFish,Augmented,a_salmon_fresh_06,a_salmon_fresh_06__mirror__axis_y.jpg,train,Included in Train (Parent in Train),train\FreshFish\a_salmon_fresh_06__mirror__axis_y.jpg
FreshFish,Augmented,a_salmon_fresh_06,a_salmon_fresh_06__motion_blur__kernel_11__angle_45deg.jpg,train,Included in Train (Parent in Train),train\FreshFish\a_salmon_fresh_06__motion_blur__kernel_11__angle_45deg.jpg
FreshFish,Augmented,a_salmon_fresh_06,a_salmon_fresh_06__motion_blur__kernel_7__angle_0deg.jpg,train,Included in Train (Parent in Train),train\FreshFish\a_salmon_fresh_06__motion_blur__kernel_7__angle_0deg.jpg
FreshFish,Augmented,a_salmon_fresh_06,a_salmon_fresh_06__motion_blur__kernel_9__angle_90deg.jpg,train,Included in Train (Parent in Train),train\FreshFish\a_salmon_fresh_06__motion_blur__kernel_9__angle_90deg.jpg
FreshFish,Augmented,a_salmon_fresh_06,a_salmon_fresh_06__rotation__angle_-10deg.jpg,train,Included in Train (Parent in Train),train\FreshFish\a_salmon_fresh_06__rotation__angle_-10deg.jpg
FreshFish,Augmented,a_salmon_fresh_06,a_salmon_fresh_06__rotation__angle_10deg.jpg,train,Included in Train (Parent in Train),train\FreshFish\a_salmon_fresh_06__rotation__angle_10deg.jpg
FreshFish,Augmented,a_salmon_fresh_07,a_salmon_fresh_07__brightness_reduction__factor_0p6.jpg,train,Included in Train (Parent in Train),train\FreshFish\a_salmon_fresh_07__brightness_reduction__factor_0p6.jpg
FreshFish,Augmented,a_salmon_fresh_07,a_salmon_fresh_07__contrast_reduction__factor_0p7.jpg,train,Included in Train (Parent in Train),train\FreshFish\a_salmon_fresh_07__contrast_reduction__factor_0p7.jpg
FreshFish,Augmented,a_salmon_fresh_07,a_salmon_fresh_07__gaussian_blur__sigma_2p2.jpg,train,Included in Train (Parent in Train),train\FreshFish\a_salmon_fresh_07__gaussian_blur__sigma_2p2.jpg
FreshFish,Augmented,a_salmon_fresh_07,a_salmon_fresh_07__gaussian_noise__var_0p02.jpg,train,Included in Train (Parent in Train),train\FreshFish\a_salmon_fresh_07__gaussian_noise__var_0p02.jpg
FreshFish,Augmented,a_salmon_fresh_07,a_salmon_fresh_07__mirror__axis_x.jpg,train,Included in Train (Parent in Train),train\FreshFish\a_salmon_fresh_07__mirror__axis_x.jpg
FreshFish,Augmented,a_salmon_fresh_07,a_salmon_fresh_07__mirror__axis_y.jpg,train,Included in Train (Parent in Train),train\FreshFish\a_salmon_fresh_07__mirror__axis_y.jpg
FreshFish,Augmented,a_salmon_fresh_07,a_salmon_fresh_07__motion_blur__kernel_11__angle_45deg.jpg,train,Included in Train (Parent in Train),train\FreshFish\a_salmon_fresh_07__motion_blur__kernel_11__angle_45deg.jpg
FreshFish,Augmented,a_salmon_fresh_07,a_salmon_fresh_07__motion_blur__kernel_7__angle_0deg.jpg,train,Included in Train (Parent in Train),train\FreshFish\a_salmon_fresh_07__motion_blur__kernel_7__angle_0deg.jpg
FreshFish,Augmented,a_salmon_fresh_07,a_salmon_fresh_07__motion_blur__kernel_9__angle_90deg.jpg,train,Included in Train (Parent in Train),train\FreshFish\a_salmon_fresh_07__motion_blur__kernel_9__angle_90deg.jpg
FreshFish,Augmented,a_salmon_fresh_07,a_salmon_fresh_07__rotation__angle_-10deg.jpg,train,Included in Train (Parent in Train),train\FreshFish\a_salmon_fresh_07__rotation__angle_-10deg.jpg
FreshFish,Augmented,a_salmon_fresh_07,a_salmon_fresh_07__rotation__angle_10deg.jpg,train,Included in Train (Parent in Train),train\FreshFish\a_salmon_fresh_07__rotation__angle_10deg.jpg
FreshFish,Augmented,a_salmon_fresh_08,a_salmon_fresh_08__brightness_reduction__factor_0p6.jpg,ignored,Ignored (Parent in Test),None
FreshFish,Augmented,a_salmon_fresh_08,a_salmon_fresh_08__contrast_reduction__factor_0p7.jpg,ignored,Ignored (Parent in Test),None
FreshFish,Augmented,a_salmon_fresh_08,a_salmon_fresh_08__gaussian_blur__sigma_2p2.jpg,ignored,Ignored (Parent in Test),None
FreshFish,Augmented,a_salmon_fresh_08,a_salmon_fresh_08__gaussian_noise__var_0p02.jpg,ignored,Ignored (Parent in Test),None
FreshFish,Augmented,a_salmon_fresh_08,a_salmon_fresh_08__mirror__axis_x.jpg,ignored,Ignored (Parent in Test),None
FreshFish,Augmented,a_salmon_fresh_08,a_salmon_fresh_08__mirror__axis_y.jpg,ignored,Ignored (Parent in Test),None
FreshFish,Augmented,a_salmon_fresh_08,a_salmon_fresh_08__motion_blur__kernel_11__angle_45deg.jpg,ignored,Ignored (Parent in Test),None
FreshFish,Augmented,a_salmon_fresh_08,a_salmon_fresh_08__motion_blur__kernel_7__angle_0deg.jpg,ignored,Ignored (Parent in Test),None
FreshFish,Augmented,a_salmon_fresh_08,a_salmon_fresh_08__motion_blur__kernel_9__angle_90deg.jpg,ignored,Ignored (Parent in Test),None
FreshFish,Augmented,a_salmon_fresh_08,a_salmon_fresh_08__rotation__angle_-10deg.jpg,ignored,Ignored (Parent in Test),None
FreshFish,Augmented,a_salmon_fresh_08,a_salmon_fresh_08__rotation__angle_10deg.jpg,ignored,Ignored (Parent in Test),None
FreshFish,Augmented,a_salmon_fresh_09,a_salmon_fresh_09__brightness_reduction__factor_0p6.jpg,ignored,Ignored (Parent in Test),None
FreshFish,Augmented,a_salmon_fresh_09,a_salmon_fresh_09__contrast_reduction__factor_0p7.jpg,ignored,Ignored (Parent in Test),None
FreshFish,Augmented,a_salmon_fresh_09,a_salmon_fresh_09__gaussian_blur__sigma_2p2.jpg,ignored,Ignored (Parent in Test),None
FreshFish,Augmented,a_salmon_fresh_09,a_salmon_fresh_09__gaussian_noise__var_0p02.jpg,ignored,Ignored (Parent in Test),None
FreshFish,Augmented,a_salmon_fresh_09,a_salmon_fresh_09__mirror__axis_x.jpg,ignored,Ignored (Parent in Test),None
FreshFish,Augmented,a_salmon_fresh_09,a_salmon_fresh_09__mirror__axis_y.jpg,ignored,Ignored (Parent in Test),None
FreshFish,Augmented,a_salmon_fresh_09,a_salmon_fresh_09__motion_blur__kernel_11__angle_45deg.jpg,ignored,Ignored (Parent in Test),None
FreshFish,Augmented,a_salmon_fresh_09,a_salmon_fresh_09__motion_blur__kernel_7__angle_0deg.jpg,ignored,Ignored (Parent in Test),None
FreshFish,Augmented,a_salmon_fresh_09,a_salmon_fresh_09__motion_blur__kernel_9__angle_90deg.jpg,ignored,Ignored (Parent in Test),None
FreshFish,Augmented,a_salmon_fresh_09,a_salmon_fresh_09__rotation__angle_-10deg.jpg,ignored,Ignored (Parent in Test),None
FreshFish,Augmented,a_salmon_fresh_09,a_salmon_fresh_09__rotation__angle_10deg.jpg,ignored,Ignored (Parent in Test),None
FreshFish,Augmented,a_salmon_fresh_10,a_salmon_fresh_10__brightness_reduction__factor_0p6.jpg,train,Included in Train (Parent in Train),train\FreshFish\a_salmon_fresh_10__brightness_reduction__factor_0p6.jpg
FreshFish,Augmented,a_salmon_fresh_10,a_salmon_fresh_10__contrast_reduction__factor_0p7.jpg,train,Included in Train (Parent in Train),train\FreshFish\a_salmon_fresh_10__contrast_reduction__factor_0p7.jpg
FreshFish,Augmented,a_salmon_fresh_10,a_salmon_fresh_10__gaussian_blur__sigma_2p2.jpg,train,Included in Train (Parent in Train),train\FreshFish\a_salmon_fresh_10__gaussian_blur__sigma_2p2.jpg
FreshFish,Augmented,a_salmon_fresh_10,a_salmon_fresh_10__gaussian_noise__var_0p02.jpg,train,Included in Train (Parent in Train),train\FreshFish\a_salmon_fresh_10__gaussian_noise__var_0p02.jpg
FreshFish,Augmented,a_salmon_fresh_10,a_salmon_fresh_10__mirror__axis_x.jpg,train,Included in Train (Parent in Train),train\FreshFish\a_salmon_fresh_10__mirror__axis_x.jpg
FreshFish,Augmented,a_salmon_fresh_10,a_salmon_fresh_10__mirror__axis_y.jpg,train,Included in Train (Parent in Train),train\FreshFish\a_salmon_fresh_10__mirror__axis_y.jpg
FreshFish,Augmented,a_salmon_fresh_10,a_salmon_fresh_10__motion_blur__kernel_11__angle_45deg.jpg,train,Included in Train (Parent in Train),train\FreshFish\a_salmon_fresh_10__motion_blur__kernel_11__angle_45deg.jpg
FreshFish,Augmented,a_salmon_fresh_10,a_salmon_fresh_10__motion_blur__kernel_7__angle_0deg.jpg,train,Included in Train (Parent in Train),train\FreshFish\a_salmon_fresh_10__motion_blur__kernel_7__angle_0deg.jpg
FreshFish,Augmented,a_salmon_fresh_10,a_salmon_fresh_10__motion_blur__kernel_9__angle_90deg.jpg,train,Included in Train (Parent in Train),train\FreshFish\a_salmon_fresh_10__motion_blur__kernel_9__angle_90deg.jpg
FreshFish,Augmented,a_salmon_fresh_10,a_salmon_fresh_10__rotation__angle_-10deg.jpg,train,Included in Train (Parent in Train),train\FreshFish\a_salmon_fresh_10__rotation__angle_-10deg.jpg
FreshFish,Augmented,a_salmon_fresh_10,a_salmon_fresh_10__rotation__angle_10deg.jpg,train,Included in Train (Parent in Train),train\FreshFish\a_salmon_fresh_10__rotation__angle_10deg.jpg
FreshFish,Augmented,a_salmon_fresh_11,a_salmon_fresh_11__brightness_reduction__factor_0p6.jpg,train,Included in Train (Parent in Train),train\FreshFish\a_salmon_fresh_11__brightness_reduction__factor_0p6.jpg
FreshFish,Augmented,a_salmon_fresh_11,a_salmon_fresh_11__contrast_reduction__factor_0p7.jpg,train,Included in Train (Parent in Train),train\FreshFish\a_salmon_fresh_11__contrast_reduction__factor_0p7.jpg
FreshFish,Augmented,a_salmon_fresh_11,a_salmon_fresh_11__gaussian_blur__sigma_2p2.jpg,train,Included in Train (Parent in Train),train\FreshFish\a_salmon_fresh_11__gaussian_blur__sigma_2p2.jpg
FreshFish,Augmented,a_salmon_fresh_11,a_salmon_fresh_11__gaussian_noise__var_0p02.jpg,train,Included in Train (Parent in Train),train\FreshFish\a_salmon_fresh_11__gaussian_noise__var_0p02.jpg
FreshFish,Augmented,a_salmon_fresh_11,a_salmon_fresh_11__mirror__axis_x.jpg,train,Included in Train (Parent in Train),train\FreshFish\a_salmon_fresh_11__mirror__axis_x.jpg
FreshFish,Augmented,a_salmon_fresh_11,a_salmon_fresh_11__mirror__axis_y.jpg,train,Included in Train (Parent in Train),train\FreshFish\a_salmon_fresh_11__mirror__axis_y.jpg
FreshFish,Augmented,a_salmon_fresh_11,a_salmon_fresh_11__motion_blur__kernel_11__angle_45deg.jpg,train,Included in Train (Parent in Train),train\FreshFish\a_salmon_fresh_11__motion_blur__kernel_11__angle_45deg.jpg
FreshFish,Augmented,a_salmon_fresh_11,a_salmon_fresh_11__motion_blur__kernel_7__angle_0deg.jpg,train,Included in Train (Parent in Train),train\FreshFish\a_salmon_fresh_11__motion_blur__kernel_7__angle_0deg.jpg
FreshFish,Augmented,a_salmon_fresh_11,a_salmon_fresh_11__motion_blur__kernel_9__angle_90deg.jpg,train,Included in Train (Parent in Train),train\FreshFish\a_salmon_fresh_11__motion_blur__kernel_9__angle_90deg.jpg
FreshFish,Augmented,a_salmon_fresh_11,a_salmon_fresh_11__rotation__angle_-10deg.jpg,train,Included in Train (Parent in Train),train\FreshFish\a_salmon_fresh_11__rotation__angle_-10deg.jpg
FreshFish,Augmented,a_salmon_fresh_11,a_salmon_fresh_11__rotation__angle_10deg.jpg,train,Included in Train (Parent in Train),train\FreshFish\a_salmon_fresh_11__rotation__angle_10deg.jpg
FreshFish,Augmented,a_salmon_fresh_12,a_salmon_fresh_12__brightness_reduction__factor_0p6.jpg,train,Included in Train (Parent in Train),train\FreshFish\a_salmon_fresh_12__brightness_reduction__factor_0p6.jpg
FreshFish,Augmented,a_salmon_fresh_12,a_salmon_fresh_12__contrast_reduction__factor_0p7.jpg,train,Included in Train (Parent in Train),train\FreshFish\a_salmon_fresh_12__contrast_reduction__factor_0p7.jpg
FreshFish,Augmented,a_salmon_fresh_12,a_salmon_fresh_12__gaussian_blur__sigma_2p2.jpg,train,Included in Train (Parent in Train),train\FreshFish\a_salmon_fresh_12__gaussian_blur__sigma_2p2.jpg
FreshFish,Augmented,a_salmon_fresh_12,a_salmon_fresh_12__gaussian_noise__var_0p02.jpg,train,Included in Train (Parent in Train),train\FreshFish\a_salmon_fresh_12__gaussian_noise__var_0p02.jpg
FreshFish,Augmented,a_salmon_fresh_12,a_salmon_fresh_12__mirror__axis_x.jpg,train,Included in Train (Parent in Train),train\FreshFish\a_salmon_fresh_12__mirror__axis_x.jpg
FreshFish,Augmented,a_salmon_fresh_12,a_salmon_fresh_12__mirror__axis_y.jpg,train,Included in Train (Parent in Train),train\FreshFish\a_salmon_fresh_12__mirror__axis_y.jpg
FreshFish,Augmented,a_salmon_fresh_12,a_salmon_fresh_12__motion_blur__kernel_11__angle_45deg.jpg,train,Included in Train (Parent in Train),train\FreshFish\a_salmon_fresh_12__motion_blur__kernel_11__angle_45deg.jpg
FreshFish,Augmented,a_salmon_fresh_12,a_salmon_fresh_12__motion_blur__kernel_7__angle_0deg.jpg,train,Included in Train (Parent in Train),train\FreshFish\a_salmon_fresh_12__motion_blur__kernel_7__angle_0deg.jpg
FreshFish,Augmented,a_salmon_fresh_12,a_salmon_fresh_12__motion_blur__kernel_9__angle_90deg.jpg,train,Included in Train (Parent in Train),train\FreshFish\a_salmon_fresh_12__motion_blur__kernel_9__angle_90deg.jpg
FreshFish,Augmented,a_salmon_fresh_12,a_salmon_fresh_12__rotation__angle_-10deg.jpg,train,Included in Train (Parent in Train),train\FreshFish\a_salmon_fresh_12__rotation__angle_-10deg.jpg
FreshFish,Augmented,a_salmon_fresh_12,a_salmon_fresh_12__rotation__angle_10deg.jpg,train,Included in Train (Parent in Train),train\FreshFish\a_salmon_fresh_12__rotation__angle_10deg.jpg
FreshFish,Augmented,a_salmon_fresh_13,a_salmon_fresh_13__brightness_reduction__factor_0p6.jpg,train,Included in Train (Parent in Train),train\FreshFish\a_salmon_fresh_13__brightness_reduction__factor_0p6.jpg
FreshFish,Augmented,a_salmon_fresh_13,a_salmon_fresh_13__contrast_reduction__factor_0p7.jpg,train,Included in Train (Parent in Train),train\FreshFish\a_salmon_fresh_13__contrast_reduction__factor_0p7.jpg
FreshFish,Augmented,a_salmon_fresh_13,a_salmon_fresh_13__gaussian_blur__sigma_2p2.jpg,train,Included in Train (Parent in Train),train\FreshFish\a_salmon_fresh_13__gaussian_blur__sigma_2p2.jpg
FreshFish,Augmented,a_salmon_fresh_13,a_salmon_fresh_13__gaussian_noise__var_0p02.jpg,train,Included in Train (Parent in Train),train\FreshFish\a_salmon_fresh_13__gaussian_noise__var_0p02.jpg
FreshFish,Augmented,a_salmon_fresh_13,a_salmon_fresh_13__mirror__axis_x.jpg,train,Included in Train (Parent in Train),train\FreshFish\a_salmon_fresh_13__mirror__axis_x.jpg
FreshFish,Augmented,a_salmon_fresh_13,a_salmon_fresh_13__mirror__axis_y.jpg,train,Included in Train (Parent in Train),train\FreshFish\a_salmon_fresh_13__mirror__axis_y.jpg
FreshFish,Augmented,a_salmon_fresh_13,a_salmon_fresh_13__motion_blur__kernel_11__angle_45deg.jpg,train,Included in Train (Parent in Train),train\FreshFish\a_salmon_fresh_13__motion_blur__kernel_11__angle_45deg.jpg
FreshFish,Augmented,a_salmon_fresh_13,a_salmon_fresh_13__motion_blur__kernel_7__angle_0deg.jpg,train,Included in Train (Parent in Train),train\FreshFish\a_salmon_fresh_13__motion_blur__kernel_7__angle_0deg.jpg
FreshFish,Augmented,a_salmon_fresh_13,a_salmon_fresh_13__motion_blur__kernel_9__angle_90deg.jpg,train,Included in Train (Parent in Train),train\FreshFish\a_salmon_fresh_13__motion_blur__kernel_9__angle_90deg.jpg
FreshFish,Augmented,a_salmon_fresh_13,a_salmon_fresh_13__rotation__angle_-10deg.jpg,train,Included in Train (Parent in Train),train\FreshFish\a_salmon_fresh_13__rotation__angle_-10deg.jpg
FreshFish,Augmented,a_salmon_fresh_13,a_salmon_fresh_13__rotation__angle_10deg.jpg,train,Included in Train (Parent in Train),train\FreshFish\a_salmon_fresh_13__rotation__angle_10deg.jpg
FreshFish,Augmented,a_salmon_fresh_14,a_salmon_fresh_14__brightness_reduction__factor_0p6.jpg,train,Included in Train (Parent in Train),train\FreshFish\a_salmon_fresh_14__brightness_reduction__factor_0p6.jpg
FreshFish,Augmented,a_salmon_fresh_14,a_salmon_fresh_14__contrast_reduction__factor_0p7.jpg,train,Included in Train (Parent in Train),train\FreshFish\a_salmon_fresh_14__contrast_reduction__factor_0p7.jpg
FreshFish,Augmented,a_salmon_fresh_14,a_salmon_fresh_14__gaussian_blur__sigma_2p2.jpg,train,Included in Train (Parent in Train),train\FreshFish\a_salmon_fresh_14__gaussian_blur__sigma_2p2.jpg
FreshFish,Augmented,a_salmon_fresh_14,a_salmon_fresh_14__gaussian_noise__var_0p02.jpg,train,Included in Train (Parent in Train),train\FreshFish\a_salmon_fresh_14__gaussian_noise__var_0p02.jpg
FreshFish,Augmented,a_salmon_fresh_14,a_salmon_fresh_14__mirror__axis_x.jpg,train,Included in Train (Parent in Train),train\FreshFish\a_salmon_fresh_14__mirror__axis_x.jpg
FreshFish,Augmented,a_salmon_fresh_14,a_salmon_fresh_14__mirror__axis_y.jpg,train,Included in Train (Parent in Train),train\FreshFish\a_salmon_fresh_14__mirror__axis_y.jpg
FreshFish,Augmented,a_salmon_fresh_14,a_salmon_fresh_14__motion_blur__kernel_11__angle_45deg.jpg,train,Included in Train (Parent in Train),train\FreshFish\a_salmon_fresh_14__motion_blur__kernel_11__angle_45deg.jpg
FreshFish,Augmented,a_salmon_fresh_14,a_salmon_fresh_14__motion_blur__kernel_7__angle_0deg.jpg,train,Included in Train (Parent in Train),train\FreshFish\a_salmon_fresh_14__motion_blur__kernel_7__angle_0deg.jpg
FreshFish,Augmented,a_salmon_fresh_14,a_salmon_fresh_14__motion_blur__kernel_9__angle_90deg.jpg,train,Included in Train (Parent in Train),train\FreshFish\a_salmon_fresh_14__motion_blur__kernel_9__angle_90deg.jpg
FreshFish,Augmented,a_salmon_fresh_14,a_salmon_fresh_14__rotation__angle_-10deg.jpg,train,Included in Train (Parent in Train),train\FreshFish\a_salmon_fresh_14__rotation__angle_-10deg.jpg
FreshFish,Augmented,a_salmon_fresh_14,a_salmon_fresh_14__rotation__angle_10deg.jpg,train,Included in Train (Parent in Train),train\FreshFish\a_salmon_fresh_14__rotation__angle_10deg.jpg
FreshFish,Augmented,a_salmon_fresh_15,a_salmon_fresh_15__brightness_reduction__factor_0p6.jpg,train,Included in Train (Parent in Train),train\FreshFish\a_salmon_fresh_15__brightness_reduction__factor_0p6.jpg
FreshFish,Augmented,a_salmon_fresh_15,a_salmon_fresh_15__contrast_reduction__factor_0p7.jpg,train,Included in Train (Parent in Train),train\FreshFish\a_salmon_fresh_15__contrast_reduction__factor_0p7.jpg
FreshFish,Augmented,a_salmon_fresh_15,a_salmon_fresh_15__gaussian_blur__sigma_2p2.jpg,train,Included in Train (Parent in Train),train\FreshFish\a_salmon_fresh_15__gaussian_blur__sigma_2p2.jpg
FreshFish,Augmented,a_salmon_fresh_15,a_salmon_fresh_15__gaussian_noise__var_0p02.jpg,train,Included in Train (Parent in Train),train\FreshFish\a_salmon_fresh_15__gaussian_noise__var_0p02.jpg
FreshFish,Augmented,a_salmon_fresh_15,a_salmon_fresh_15__mirror__axis_x.jpg,train,Included in Train (Parent in Train),train\FreshFish\a_salmon_fresh_15__mirror__axis_x.jpg
FreshFish,Augmented,a_salmon_fresh_15,a_salmon_fresh_15__mirror__axis_y.jpg,train,Included in Train (Parent in Train),train\FreshFish\a_salmon_fresh_15__mirror__axis_y.jpg
FreshFish,Augmented,a_salmon_fresh_15,a_salmon_fresh_15__motion_blur__kernel_11__angle_45deg.jpg,train,Included in Train (Parent in Train),train\FreshFish\a_salmon_fresh_15__motion_blur__kernel_11__angle_45deg.jpg
FreshFish,Augmented,a_salmon_fresh_15,a_salmon_fresh_15__motion_blur__kernel_7__angle_0deg.jpg,train,Included in Train (Parent in Train),train\FreshFish\a_salmon_fresh_15__motion_blur__kernel_7__angle_0deg.jpg
FreshFish,Augmented,a_salmon_fresh_15,a_salmon_fresh_15__motion_blur__kernel_9__angle_90deg.jpg,train,Included in Train (Parent in Train),train\FreshFish\a_salmon_fresh_15__motion_blur__kernel_9__angle_90deg.jpg
FreshFish,Augmented,a_salmon_fresh_15,a_salmon_fresh_15__rotation__angle_-10deg.jpg,train,Included in Train (Parent in Train),train\FreshFish\a_salmon_fresh_15__rotation__angle_-10deg.jpg
FreshFish,Augmented,a_salmon_fresh_15,a_salmon_fresh_15__rotation__angle_10deg.jpg,train,Included in Train (Parent in Train),train\FreshFish\a_salmon_fresh_15__rotation__angle_10deg.jpg
FreshFish,Augmented,a_salmon_fresh_16,a_salmon_fresh_16__brightness_reduction__factor_0p6.jpg,train,Included in Train (Parent in Train),train\FreshFish\a_salmon_fresh_16__brightness_reduction__factor_0p6.jpg
FreshFish,Augmented,a_salmon_fresh_16,a_salmon_fresh_16__contrast_reduction__factor_0p7.jpg,train,Included in Train (Parent in Train),train\FreshFish\a_salmon_fresh_16__contrast_reduction__factor_0p7.jpg
FreshFish,Augmented,a_salmon_fresh_16,a_salmon_fresh_16__gaussian_blur__sigma_2p2.jpg,train,Included in Train (Parent in Train),train\FreshFish\a_salmon_fresh_16__gaussian_blur__sigma_2p2.jpg
FreshFish,Augmented,a_salmon_fresh_16,a_salmon_fresh_16__gaussian_noise__var_0p02.jpg,train,Included in Train (Parent in Train),train\FreshFish\a_salmon_fresh_16__gaussian_noise__var_0p02.jpg
FreshFish,Augmented,a_salmon_fresh_16,a_salmon_fresh_16__mirror__axis_x.jpg,train,Included in Train (Parent in Train),train\FreshFish\a_salmon_fresh_16__mirror__axis_x.jpg
FreshFish,Augmented,a_salmon_fresh_16,a_salmon_fresh_16__mirror__axis_y.jpg,train,Included in Train (Parent in Train),train\FreshFish\a_salmon_fresh_16__mirror__axis_y.jpg
FreshFish,Augmented,a_salmon_fresh_16,a_salmon_fresh_16__motion_blur__kernel_11__angle_45deg.jpg,train,Included in Train (Parent in Train),train\FreshFish\a_salmon_fresh_16__motion_blur__kernel_11__angle_45deg.jpg
FreshFish,Augmented,a_salmon_fresh_16,a_salmon_fresh_16__motion_blur__kernel_7__angle_0deg.jpg,train,Included in Train (Parent in Train),train\FreshFish\a_salmon_fresh_16__motion_blur__kernel_7__angle_0deg.jpg
FreshFish,Augmented,a_salmon_fresh_16,a_salmon_fresh_16__motion_blur__kernel_9__angle_90deg.jpg,train,Included in Train (Parent in Train),train\FreshFish\a_salmon_fresh_16__motion_blur__kernel_9__angle_90deg.jpg
FreshFish,Augmented,a_salmon_fresh_16,a_salmon_fresh_16__rotation__angle_-10deg.jpg,train,Included in Train (Parent in Train),train\FreshFish\a_salmon_fresh_16__rotation__angle_-10deg.jpg
FreshFish,Augmented,a_salmon_fresh_16,a_salmon_fresh_16__rotation__angle_10deg.jpg,train,Included in Train (Parent in Train),train\FreshFish\a_salmon_fresh_16__rotation__angle_10deg.jpg
FreshFish,Augmented,a_salmon_fresh_17,a_salmon_fresh_17__brightness_reduction__factor_0p6.jpg,train,Included in Train (Parent in Train),train\FreshFish\a_salmon_fresh_17__brightness_reduction__factor_0p6.jpg
FreshFish,Augmented,a_salmon_fresh_17,a_salmon_fresh_17__contrast_reduction__factor_0p7.jpg,train,Included in Train (Parent in Train),train\FreshFish\a_salmon_fresh_17__contrast_reduction__factor_0p7.jpg
FreshFish,Augmented,a_salmon_fresh_17,a_salmon_fresh_17__gaussian_blur__sigma_2p2.jpg,train,Included in Train (Parent in Train),train\FreshFish\a_salmon_fresh_17__gaussian_blur__sigma_2p2.jpg
FreshFish,Augmented,a_salmon_fresh_17,a_salmon_fresh_17__gaussian_noise__var_0p02.jpg,train,Included in Train (Parent in Train),train\FreshFish\a_salmon_fresh_17__gaussian_noise__var_0p02.jpg
FreshFish,Augmented,a_salmon_fresh_17,a_salmon_fresh_17__mirror__axis_x.jpg,train,Included in Train (Parent in Train),train\FreshFish\a_salmon_fresh_17__mirror__axis_x.jpg
FreshFish,Augmented,a_salmon_fresh_17,a_salmon_fresh_17__mirror__axis_y.jpg,train,Included in Train (Parent in Train),train\FreshFish\a_salmon_fresh_17__mirror__axis_y.jpg
FreshFish,Augmented,a_salmon_fresh_17,a_salmon_fresh_17__motion_blur__kernel_11__angle_45deg.jpg,train,Included in Train (Parent in Train),train\FreshFish\a_salmon_fresh_17__motion_blur__kernel_11__angle_45deg.jpg
FreshFish,Augmented,a_salmon_fresh_17,a_salmon_fresh_17__motion_blur__kernel_7__angle_0deg.jpg,train,Included in Train (Parent in Train),train\FreshFish\a_salmon_fresh_17__motion_blur__kernel_7__angle_0deg.jpg
FreshFish,Augmented,a_salmon_fresh_17,a_salmon_fresh_17__motion_blur__kernel_9__angle_90deg.jpg,train,Included in Train (Parent in Train),train\FreshFish\a_salmon_fresh_17__motion_blur__kernel_9__angle_90deg.jpg
FreshFish,Augmented,a_salmon_fresh_17,a_salmon_fresh_17__rotation__angle_-10deg.jpg,train,Included in Train (Parent in Train),train\FreshFish\a_salmon_fresh_17__rotation__angle_-10deg.jpg
FreshFish,Augmented,a_salmon_fresh_17,a_salmon_fresh_17__rotation__angle_10deg.jpg,train,Included in Train (Parent in Train),train\FreshFish\a_salmon_fresh_17__rotation__angle_10deg.jpg
FreshFish,Augmented,a_salmon_fresh_19,a_salmon_fresh_19__brightness_reduction__factor_0p6.jpg,train,Included in Train (Parent in Train),train\FreshFish\a_salmon_fresh_19__brightness_reduction__factor_0p6.jpg
FreshFish,Augmented,a_salmon_fresh_19,a_salmon_fresh_19__contrast_reduction__factor_0p7.jpg,train,Included in Train (Parent in Train),train\FreshFish\a_salmon_fresh_19__contrast_reduction__factor_0p7.jpg
FreshFish,Augmented,a_salmon_fresh_19,a_salmon_fresh_19__gaussian_blur__sigma_2p2.jpg,train,Included in Train (Parent in Train),train\FreshFish\a_salmon_fresh_19__gaussian_blur__sigma_2p2.jpg
FreshFish,Augmented,a_salmon_fresh_19,a_salmon_fresh_19__gaussian_noise__var_0p02.jpg,train,Included in Train (Parent in Train),train\FreshFish\a_salmon_fresh_19__gaussian_noise__var_0p02.jpg
FreshFish,Augmented,a_salmon_fresh_19,a_salmon_fresh_19__mirror__axis_x.jpg,train,Included in Train (Parent in Train),train\FreshFish\a_salmon_fresh_19__mirror__axis_x.jpg
FreshFish,Augmented,a_salmon_fresh_19,a_salmon_fresh_19__mirror__axis_y.jpg,train,Included in Train (Parent in Train),train\FreshFish\a_salmon_fresh_19__mirror__axis_y.jpg
FreshFish,Augmented,a_salmon_fresh_19,a_salmon_fresh_19__motion_blur__kernel_11__angle_45deg.jpg,train,Included in Train (Parent in Train),train\FreshFish\a_salmon_fresh_19__motion_blur__kernel_11__angle_45deg.jpg
FreshFish,Augmented,a_salmon_fresh_19,a_salmon_fresh_19__motion_blur__kernel_7__angle_0deg.jpg,train,Included in Train (Parent in Train),train\FreshFish\a_salmon_fresh_19__motion_blur__kernel_7__angle_0deg.jpg
FreshFish,Augmented,a_salmon_fresh_19,a_salmon_fresh_19__motion_blur__kernel_9__angle_90deg.jpg,train,Included in Train (Parent in Train),train\FreshFish\a_salmon_fresh_19__motion_blur__kernel_9__angle_90deg.jpg
FreshFish,Augmented,a_salmon_fresh_19,a_salmon_fresh_19__rotation__angle_-10deg.jpg,train,Included in Train (Parent in Train),train\FreshFish\a_salmon_fresh_19__rotation__angle_-10deg.jpg
FreshFish,Augmented,a_salmon_fresh_19,a_salmon_fresh_19__rotation__angle_10deg.jpg,train,Included in Train (Parent in Train),train\FreshFish\a_salmon_fresh_19__rotation__angle_10deg.jpg
FreshFish,Augmented,a_salmon_fresh_20,a_salmon_fresh_20__brightness_reduction__factor_0p6.jpg,train,Included in Train (Parent in Train),train\FreshFish\a_salmon_fresh_20__brightness_reduction__factor_0p6.jpg
FreshFish,Augmented,a_salmon_fresh_20,a_salmon_fresh_20__contrast_reduction__factor_0p7.jpg,train,Included in Train (Parent in Train),train\FreshFish\a_salmon_fresh_20__contrast_reduction__factor_0p7.jpg
FreshFish,Augmented,a_salmon_fresh_20,a_salmon_fresh_20__gaussian_blur__sigma_2p2.jpg,train,Included in Train (Parent in Train),train\FreshFish\a_salmon_fresh_20__gaussian_blur__sigma_2p2.jpg
FreshFish,Augmented,a_salmon_fresh_20,a_salmon_fresh_20__gaussian_noise__var_0p02.jpg,train,Included in Train (Parent in Train),train\FreshFish\a_salmon_fresh_20__gaussian_noise__var_0p02.jpg
FreshFish,Augmented,a_salmon_fresh_20,a_salmon_fresh_20__mirror__axis_x.jpg,train,Included in Train (Parent in Train),train\FreshFish\a_salmon_fresh_20__mirror__axis_x.jpg
FreshFish,Augmented,a_salmon_fresh_20,a_salmon_fresh_20__mirror__axis_y.jpg,train,Included in Train (Parent in Train),train\FreshFish\a_salmon_fresh_20__mirror__axis_y.jpg
FreshFish,Augmented,a_salmon_fresh_20,a_salmon_fresh_20__motion_blur__kernel_11__angle_45deg.jpg,train,Included in Train (Parent in Train),train\FreshFish\a_salmon_fresh_20__motion_blur__kernel_11__angle_45deg.jpg
FreshFish,Augmented,a_salmon_fresh_20,a_salmon_fresh_20__motion_blur__kernel_7__angle_0deg.jpg,train,Included in Train (Parent in Train),train\FreshFish\a_salmon_fresh_20__motion_blur__kernel_7__angle_0deg.jpg
FreshFish,Augmented,a_salmon_fresh_20,a_salmon_fresh_20__motion_blur__kernel_9__angle_90deg.jpg,train,Included in Train (Parent in Train),train\FreshFish\a_salmon_fresh_20__motion_blur__kernel_9__angle_90deg.jpg
FreshFish,Augmented,a_salmon_fresh_20,a_salmon_fresh_20__rotation__angle_-10deg.jpg,train,Included in Train (Parent in Train),train\FreshFish\a_salmon_fresh_20__rotation__angle_-10deg.jpg
FreshFish,Augmented,a_salmon_fresh_20,a_salmon_fresh_20__rotation__angle_10deg.jpg,train,Included in Train (Parent in Train),train\FreshFish\a_salmon_fresh_20__rotation__angle_10deg.jpg
FreshFish,Augmented,a_salmon_fresh_21,a_salmon_fresh_21__brightness_reduction__factor_0p6.jpg,train,Included in Train (Parent in Train),train\FreshFish\a_salmon_fresh_21__brightness_reduction__factor_0p6.jpg
FreshFish,Augmented,a_salmon_fresh_21,a_salmon_fresh_21__contrast_reduction__factor_0p7.jpg,train,Included in Train (Parent in Train),train\FreshFish\a_salmon_fresh_21__contrast_reduction__factor_0p7.jpg
FreshFish,Augmented,a_salmon_fresh_21,a_salmon_fresh_21__gaussian_blur__sigma_2p2.jpg,train,Included in Train (Parent in Train),train\FreshFish\a_salmon_fresh_21__gaussian_blur__sigma_2p2.jpg
FreshFish,Augmented,a_salmon_fresh_21,a_salmon_fresh_21__gaussian_noise__var_0p02.jpg,train,Included in Train (Parent in Train),train\FreshFish\a_salmon_fresh_21__gaussian_noise__var_0p02.jpg
FreshFish,Augmented,a_salmon_fresh_21,a_salmon_fresh_21__mirror__axis_x.jpg,train,Included in Train (Parent in Train),train\FreshFish\a_salmon_fresh_21__mirror__axis_x.jpg
FreshFish,Augmented,a_salmon_fresh_21,a_salmon_fresh_21__mirror__axis_y.jpg,train,Included in Train (Parent in Train),train\FreshFish\a_salmon_fresh_21__mirror__axis_y.jpg
FreshFish,Augmented,a_salmon_fresh_21,a_salmon_fresh_21__motion_blur__kernel_11__angle_45deg.jpg,train,Included in Train (Parent in Train),train\FreshFish\a_salmon_fresh_21__motion_blur__kernel_11__angle_45deg.jpg
FreshFish,Augmented,a_salmon_fresh_21,a_salmon_fresh_21__motion_blur__kernel_7__angle_0deg.jpg,train,Included in Train (Parent in Train),train\FreshFish\a_salmon_fresh_21__motion_blur__kernel_7__angle_0deg.jpg
FreshFish,Augmented,a_salmon_fresh_21,a_salmon_fresh_21__motion_blur__kernel_9__angle_90deg.jpg,train,Included in Train (Parent in Train),train\FreshFish\a_salmon_fresh_21__motion_blur__kernel_9__angle_90deg.jpg
FreshFish,Augmented,a_salmon_fresh_21,a_salmon_fresh_21__rotation__angle_-10deg.jpg,train,Included in Train (Parent in Train),train\FreshFish\a_salmon_fresh_21__rotation__angle_-10deg.jpg
FreshFish,Augmented,a_salmon_fresh_21,a_salmon_fresh_21__rotation__angle_10deg.jpg,train,Included in Train (Parent in Train),train\FreshFish\a_salmon_fresh_21__rotation__angle_10deg.jpg
FreshFish,Augmented,a_salmon_fresh_22,a_salmon_fresh_22__brightness_reduction__factor_0p6.jpg,ignored,Ignored (Parent in Test),None
FreshFish,Augmented,a_salmon_fresh_22,a_salmon_fresh_22__contrast_reduction__factor_0p7.jpg,ignored,Ignored (Parent in Test),None
FreshFish,Augmented,a_salmon_fresh_22,a_salmon_fresh_22__gaussian_blur__sigma_2p2.jpg,ignored,Ignored (Parent in Test),None
FreshFish,Augmented,a_salmon_fresh_22,a_salmon_fresh_22__gaussian_noise__var_0p02.jpg,ignored,Ignored (Parent in Test),None
FreshFish,Augmented,a_salmon_fresh_22,a_salmon_fresh_22__mirror__axis_x.jpg,ignored,Ignored (Parent in Test),None
FreshFish,Augmented,a_salmon_fresh_22,a_salmon_fresh_22__mirror__axis_y.jpg,ignored,Ignored (Parent in Test),None
FreshFish,Augmented,a_salmon_fresh_22,a_salmon_fresh_22__motion_blur__kernel_11__angle_45deg.jpg,ignored,Ignored (Parent in Test),None
FreshFish,Augmented,a_salmon_fresh_22,a_salmon_fresh_22__motion_blur__kernel_7__angle_0deg.jpg,ignored,Ignored (Parent in Test),None
FreshFish,Augmented,a_salmon_fresh_22,a_salmon_fresh_22__motion_blur__kernel_9__angle_90deg.jpg,ignored,Ignored (Parent in Test),None
FreshFish,Augmented,a_salmon_fresh_22,a_salmon_fresh_22__rotation__angle_-10deg.jpg,ignored,Ignored (Parent in Test),None
FreshFish,Augmented,a_salmon_fresh_22,a_salmon_fresh_22__rotation__angle_10deg.jpg,ignored,Ignored (Parent in Test),None
FreshFish,Augmented,a_salmon_fresh_23,a_salmon_fresh_23__brightness_reduction__factor_0p6.jpg,train,Included in Train (Parent in Train),train\FreshFish\a_salmon_fresh_23__brightness_reduction__factor_0p6.jpg
FreshFish,Augmented,a_salmon_fresh_23,a_salmon_fresh_23__contrast_reduction__factor_0p7.jpg,train,Included in Train (Parent in Train),train\FreshFish\a_salmon_fresh_23__contrast_reduction__factor_0p7.jpg
FreshFish,Augmented,a_salmon_fresh_23,a_salmon_fresh_23__gaussian_blur__sigma_2p2.jpg,train,Included in Train (Parent in Train),train\FreshFish\a_salmon_fresh_23__gaussian_blur__sigma_2p2.jpg
FreshFish,Augmented,a_salmon_fresh_23,a_salmon_fresh_23__gaussian_noise__var_0p02.jpg,train,Included in Train (Parent in Train),train\FreshFish\a_salmon_fresh_23__gaussian_noise__var_0p02.jpg
FreshFish,Augmented,a_salmon_fresh_23,a_salmon_fresh_23__mirror__axis_x.jpg,train,Included in Train (Parent in Train),train\FreshFish\a_salmon_fresh_23__mirror__axis_x.jpg
FreshFish,Augmented,a_salmon_fresh_23,a_salmon_fresh_23__mirror__axis_y.jpg,train,Included in Train (Parent in Train),train\FreshFish\a_salmon_fresh_23__mirror__axis_y.jpg
FreshFish,Augmented,a_salmon_fresh_23,a_salmon_fresh_23__motion_blur__kernel_11__angle_45deg.jpg,train,Included in Train (Parent in Train),train\FreshFish\a_salmon_fresh_23__motion_blur__kernel_11__angle_45deg.jpg
FreshFish,Augmented,a_salmon_fresh_23,a_salmon_fresh_23__motion_blur__kernel_7__angle_0deg.jpg,train,Included in Train (Parent in Train),train\FreshFish\a_salmon_fresh_23__motion_blur__kernel_7__angle_0deg.jpg
FreshFish,Augmented,a_salmon_fresh_23,a_salmon_fresh_23__motion_blur__kernel_9__angle_90deg.jpg,train,Included in Train (Parent in Train),train\FreshFish\a_salmon_fresh_23__motion_blur__kernel_9__angle_90deg.jpg
FreshFish,Augmented,a_salmon_fresh_23,a_salmon_fresh_23__rotation__angle_-10deg.jpg,train,Included in Train (Parent in Train),train\FreshFish\a_salmon_fresh_23__rotation__angle_-10deg.jpg
FreshFish,Augmented,a_salmon_fresh_23,a_salmon_fresh_23__rotation__angle_10deg.jpg,train,Included in Train (Parent in Train),train\FreshFish\a_salmon_fresh_23__rotation__angle_10deg.jpg
FreshFish,Augmented,a_salmon_fresh_24,a_salmon_fresh_24__brightness_reduction__factor_0p6.jpg,train,Included in Train (Parent in Train),train\FreshFish\a_salmon_fresh_24__brightness_reduction__factor_0p6.jpg
FreshFish,Augmented,a_salmon_fresh_24,a_salmon_fresh_24__contrast_reduction__factor_0p7.jpg,train,Included in Train (Parent in Train),train\FreshFish\a_salmon_fresh_24__contrast_reduction__factor_0p7.jpg
FreshFish,Augmented,a_salmon_fresh_24,a_salmon_fresh_24__gaussian_blur__sigma_2p2.jpg,train,Included in Train (Parent in Train),train\FreshFish\a_salmon_fresh_24__gaussian_blur__sigma_2p2.jpg
FreshFish,Augmented,a_salmon_fresh_24,a_salmon_fresh_24__gaussian_noise__var_0p02.jpg,train,Included in Train (Parent in Train),train\FreshFish\a_salmon_fresh_24__gaussian_noise__var_0p02.jpg
FreshFish,Augmented,a_salmon_fresh_24,a_salmon_fresh_24__mirror__axis_x.jpg,train,Included in Train (Parent in Train),train\FreshFish\a_salmon_fresh_24__mirror__axis_x.jpg
FreshFish,Augmented,a_salmon_fresh_24,a_salmon_fresh_24__mirror__axis_y.jpg,train,Included in Train (Parent in Train),train\FreshFish\a_salmon_fresh_24__mirror__axis_y.jpg
FreshFish,Augmented,a_salmon_fresh_24,a_salmon_fresh_24__motion_blur__kernel_11__angle_45deg.jpg,train,Included in Train (Parent in Train),train\FreshFish\a_salmon_fresh_24__motion_blur__kernel_11__angle_45deg.jpg
FreshFish,Augmented,a_salmon_fresh_24,a_salmon_fresh_24__motion_blur__kernel_7__angle_0deg.jpg,train,Included in Train (Parent in Train),train\FreshFish\a_salmon_fresh_24__motion_blur__kernel_7__angle_0deg.jpg
FreshFish,Augmented,a_salmon_fresh_24,a_salmon_fresh_24__motion_blur__kernel_9__angle_90deg.jpg,train,Included in Train (Parent in Train),train\FreshFish\a_salmon_fresh_24__motion_blur__kernel_9__angle_90deg.jpg
FreshFish,Augmented,a_salmon_fresh_24,a_salmon_fresh_24__rotation__angle_-10deg.jpg,train,Included in Train (Parent in Train),train\FreshFish\a_salmon_fresh_24__rotation__angle_-10deg.jpg
FreshFish,Augmented,a_salmon_fresh_24,a_salmon_fresh_24__rotation__angle_10deg.jpg,train,Included in Train (Parent in Train),train\FreshFish\a_salmon_fresh_24__rotation__angle_10deg.jpg
InfectedFish,Raw,salmon_dis_69,salmon_dis_69.png,train,Included in Train (Raw Split),train\InfectedFish\salmon_dis_69.png
InfectedFish,Raw,salmon_dis_32,salmon_dis_32.png,train,Included in Train (Raw Split),train\InfectedFish\salmon_dis_32.png
InfectedFish,Raw,salmon_dis_83,salmon_dis_83.png,train,Included in Train (Raw Split),train\InfectedFish\salmon_dis_83.png
InfectedFish,Raw,salmon_dis_51,salmon_dis_51.png,train,Included in Train (Raw Split),train\InfectedFish\salmon_dis_51.png
InfectedFish,Raw,salmon_dis_42,salmon_dis_42.png,train,Included in Train (Raw Split),train\InfectedFish\salmon_dis_42.png
InfectedFish,Raw,salmon_dis_17,salmon_dis_17.png,train,Included in Train (Raw Split),train\InfectedFish\salmon_dis_17.png
InfectedFish,Raw,salmon_dis_85,salmon_dis_85.png,train,Included in Train (Raw Split),train\InfectedFish\salmon_dis_85.png
InfectedFish,Raw,salmon_dis_89,salmon_dis_89.png,train,Included in Train (Raw Split),train\InfectedFish\salmon_dis_89.png
InfectedFish,Raw,salmon_dis_78,salmon_dis_78.png,train,Included in Train (Raw Split),train\InfectedFish\salmon_dis_78.png
InfectedFish,Raw,salmon_dis_63,salmon_dis_63.png,train,Included in Train (Raw Split),train\InfectedFish\salmon_dis_63.png
InfectedFish,Raw,salmon_dis_31,salmon_dis_31.png,train,Included in Train (Raw Split),train\InfectedFish\salmon_dis_31.png
InfectedFish,Raw,salmon_dis_74,salmon_dis_74.png,train,Included in Train (Raw Split),train\InfectedFish\salmon_dis_74.png
InfectedFish,Raw,salmon_dis_10,salmon_dis_10.png,train,Included in Train (Raw Split),train\InfectedFish\salmon_dis_10.png
InfectedFish,Raw,salmon_dis_04,salmon_dis_04.png,train,Included in Train (Raw Split),train\InfectedFish\salmon_dis_04.png
InfectedFish,Raw,salmon_dis_48,salmon_dis_48.png,train,Included in Train (Raw Split),train\InfectedFish\salmon_dis_48.png
InfectedFish,Raw,salmon_dis_77,salmon_dis_77.png,train,Included in Train (Raw Split),train\InfectedFish\salmon_dis_77.png
InfectedFish,Raw,salmon_dis_87,salmon_dis_87.png,train,Included in Train (Raw Split),train\InfectedFish\salmon_dis_87.png
InfectedFish,Raw,salmon_dis_26,salmon_dis_26.png,train,Included in Train (Raw Split),train\InfectedFish\salmon_dis_26.png
InfectedFish,Raw,salmon_dis_27,salmon_dis_27.png,train,Included in Train (Raw Split),train\InfectedFish\salmon_dis_27.png
InfectedFish,Raw,salmon_dis_38,salmon_dis_38.png,train,Included in Train (Raw Split),train\InfectedFish\salmon_dis_38.png
InfectedFish,Raw,salmon_dis_02,salmon_dis_02.png,train,Included in Train (Raw Split),train\InfectedFish\salmon_dis_02.png
InfectedFish,Raw,salmon_dis_33,salmon_dis_33.png,train,Included in Train (Raw Split),train\InfectedFish\salmon_dis_33.png
InfectedFish,Raw,salmon_dis_22,salmon_dis_22.png,train,Included in Train (Raw Split),train\InfectedFish\salmon_dis_22.png
InfectedFish,Raw,salmon_dis_08,salmon_dis_08.png,train,Included in Train (Raw Split),train\InfectedFish\salmon_dis_08.png
InfectedFish,Raw,salmon_dis_35,salmon_dis_35.png,train,Included in Train (Raw Split),train\InfectedFish\salmon_dis_35.png
InfectedFish,Raw,salmon_dis_81,salmon_dis_81.png,train,Included in Train (Raw Split),train\InfectedFish\salmon_dis_81.png
InfectedFish,Raw,salmon_dis_82,salmon_dis_82.png,train,Included in Train (Raw Split),train\InfectedFish\salmon_dis_82.png
InfectedFish,Raw,salmon_dis_09,salmon_dis_09.png,train,Included in Train (Raw Split),train\InfectedFish\salmon_dis_09.png
InfectedFish,Raw,salmon_dis_61,salmon_dis_61.png,train,Included in Train (Raw Split),train\InfectedFish\salmon_dis_61.png
InfectedFish,Raw,salmon_dis_53,salmon_dis_53.png,train,Included in Train (Raw Split),train\InfectedFish\salmon_dis_53.png
InfectedFish,Raw,salmon_dis_47,salmon_dis_47.png,train,Included in Train (Raw Split),train\InfectedFish\salmon_dis_47.png
InfectedFish,Raw,salmon_dis_66,salmon_dis_66.png,train,Included in Train (Raw Split),train\InfectedFish\salmon_dis_66.png
InfectedFish,Raw,salmon_dis_39,salmon_dis_39.png,train,Included in Train (Raw Split),train\InfectedFish\salmon_dis_39.png
InfectedFish,Raw,salmon_dis_52,salmon_dis_52.png,train,Included in Train (Raw Split),train\InfectedFish\salmon_dis_52.png
InfectedFish,Raw,salmon_dis_50,salmon_dis_50.png,train,Included in Train (Raw Split),train\InfectedFish\salmon_dis_50.png
InfectedFish,Raw,salmon_dis_75,salmon_dis_75.png,train,Included in Train (Raw Split),train\InfectedFish\salmon_dis_75.png
InfectedFish,Raw,salmon_dis_23,salmon_dis_23.png,train,Included in Train (Raw Split),train\InfectedFish\salmon_dis_23.png
InfectedFish,Raw,salmon_dis_67,salmon_dis_67.png,train,Included in Train (Raw Split),train\InfectedFish\salmon_dis_67.png
InfectedFish,Raw,salmon_dis_64,salmon_dis_64.png,train,Included in Train (Raw Split),train\InfectedFish\salmon_dis_64.png
InfectedFish,Raw,salmon_dis_86,salmon_dis_86.png,train,Included in Train (Raw Split),train\InfectedFish\salmon_dis_86.png
InfectedFish,Raw,salmon_dis_60,salmon_dis_60.png,train,Included in Train (Raw Split),train\InfectedFish\salmon_dis_60.png
InfectedFish,Raw,salmon_dis_30,salmon_dis_30.png,train,Included in Train (Raw Split),train\InfectedFish\salmon_dis_30.png
InfectedFish,Raw,salmon_dis_18,salmon_dis_18.png,train,Included in Train (Raw Split),train\InfectedFish\salmon_dis_18.png
InfectedFish,Raw,salmon_dis_25,salmon_dis_25.png,train,Included in Train (Raw Split),train\InfectedFish\salmon_dis_25.png
InfectedFish,Raw,salmon_dis_07,salmon_dis_07.png,train,Included in Train (Raw Split),train\InfectedFish\salmon_dis_07.png
InfectedFish,Raw,salmon_dis_65,salmon_dis_65.png,train,Included in Train (Raw Split),train\InfectedFish\salmon_dis_65.png
InfectedFish,Raw,salmon_dis_68,salmon_dis_68.png,train,Included in Train (Raw Split),train\InfectedFish\salmon_dis_68.png
InfectedFish,Raw,salmon_dis_62,salmon_dis_62.png,train,Included in Train (Raw Split),train\InfectedFish\salmon_dis_62.png
InfectedFish,Raw,salmon_dis_15,salmon_dis_15.png,train,Included in Train (Raw Split),train\InfectedFish\salmon_dis_15.png
InfectedFish,Raw,salmon_dis_43,salmon_dis_43.png,train,Included in Train (Raw Split),train\InfectedFish\salmon_dis_43.png
InfectedFish,Raw,salmon_dis_03,salmon_dis_03.png,train,Included in Train (Raw Split),train\InfectedFish\salmon_dis_03.png
InfectedFish,Raw,salmon_dis_05,salmon_dis_05.png,train,Included in Train (Raw Split),train\InfectedFish\salmon_dis_05.png
InfectedFish,Raw,salmon_dis_71,salmon_dis_71.png,train,Included in Train (Raw Split),train\InfectedFish\salmon_dis_71.png
InfectedFish,Raw,salmon_dis_72,salmon_dis_72.png,train,Included in Train (Raw Split),train\InfectedFish\salmon_dis_72.png
InfectedFish,Raw,salmon_dis_37,salmon_dis_37.png,train,Included in Train (Raw Split),train\InfectedFish\salmon_dis_37.png
InfectedFish,Raw,salmon_dis_24,salmon_dis_24.png,train,Included in Train (Raw Split),train\InfectedFish\salmon_dis_24.png
InfectedFish,Raw,salmon_dis_56,salmon_dis_56.png,train,Included in Train (Raw Split),train\InfectedFish\salmon_dis_56.png
InfectedFish,Raw,salmon_dis_57,salmon_dis_57.png,train,Included in Train (Raw Split),train\InfectedFish\salmon_dis_57.png
InfectedFish,Raw,salmon_dis_40,salmon_dis_40.png,train,Included in Train (Raw Split),train\InfectedFish\salmon_dis_40.png
InfectedFish,Raw,salmon_dis_41,salmon_dis_41.png,train,Included in Train (Raw Split),train\InfectedFish\salmon_dis_41.png
InfectedFish,Raw,salmon_dis_88,salmon_dis_88.png,train,Included in Train (Raw Split),train\InfectedFish\salmon_dis_88.png
InfectedFish,Raw,salmon_dis_19,salmon_dis_19.png,train,Included in Train (Raw Split),train\InfectedFish\salmon_dis_19.png
InfectedFish,Raw,salmon_dis_79,salmon_dis_79.png,train,Included in Train (Raw Split),train\InfectedFish\salmon_dis_79.png
InfectedFish,Raw,salmon_dis_11,salmon_dis_11.png,train,Included in Train (Raw Split),train\InfectedFish\salmon_dis_11.png
InfectedFish,Raw,salmon_dis_73,salmon_dis_73.png,train,Included in Train (Raw Split),train\InfectedFish\salmon_dis_73.png
InfectedFish,Raw,salmon_dis_16,salmon_dis_16.png,train,Included in Train (Raw Split),train\InfectedFish\salmon_dis_16.png
InfectedFish,Raw,salmon_dis_59,salmon_dis_59.png,train,Included in Train (Raw Split),train\InfectedFish\salmon_dis_59.png
InfectedFish,Raw,salmon_dis_06,salmon_dis_06.png,train,Included in Train (Raw Split),train\InfectedFish\salmon_dis_06.png
InfectedFish,Raw,salmon_dis_34,salmon_dis_34.png,train,Included in Train (Raw Split),train\InfectedFish\salmon_dis_34.png
InfectedFish,Raw,salmon_dis_45,salmon_dis_45.png,train,Included in Train (Raw Split),train\InfectedFish\salmon_dis_45.png
InfectedFish,Raw,salmon_dis_46,salmon_dis_46.png,train,Included in Train (Raw Split),train\InfectedFish\salmon_dis_46.png
InfectedFish,Raw,salmon_dis_13,salmon_dis_13.png,train,Included in Train (Raw Split),train\InfectedFish\salmon_dis_13.png
InfectedFish,Raw,salmon_dis_49,salmon_dis_49.png,test,Included in Test (Raw Split),test\InfectedFish\salmon_dis_49.png
InfectedFish,Raw,salmon_dis_12,salmon_dis_12.png,test,Included in Test (Raw Split),test\InfectedFish\salmon_dis_12.png
InfectedFish,Raw,salmon_dis_14,salmon_dis_14.png,test,Included in Test (Raw Split),test\InfectedFish\salmon_dis_14.png
InfectedFish,Raw,salmon_dis_80,salmon_dis_80.png,test,Included in Test (Raw Split),test\InfectedFish\salmon_dis_80.png
InfectedFish,Raw,salmon_dis_28,salmon_dis_28.png,test,Included in Test (Raw Split),test\InfectedFish\salmon_dis_28.png
InfectedFish,Raw,salmon_dis_20,salmon_dis_20.png,test,Included in Test (Raw Split),test\InfectedFish\salmon_dis_20.png
InfectedFish,Raw,salmon_dis_91,salmon_dis_91.png,test,Included in Test (Raw Split),test\InfectedFish\salmon_dis_91.png
InfectedFish,Raw,salmon_dis_44,salmon_dis_44.png,test,Included in Test (Raw Split),test\InfectedFish\salmon_dis_44.png
InfectedFish,Raw,salmon_dis_55,salmon_dis_55.png,test,Included in Test (Raw Split),test\InfectedFish\salmon_dis_55.png
InfectedFish,Raw,salmon_dis_21,salmon_dis_21.png,test,Included in Test (Raw Split),test\InfectedFish\salmon_dis_21.png
InfectedFish,Raw,salmon_dis_01,salmon_dis_01.png,test,Included in Test (Raw Split),test\InfectedFish\salmon_dis_01.png
InfectedFish,Raw,salmon_dis_36,salmon_dis_36.png,test,Included in Test (Raw Split),test\InfectedFish\salmon_dis_36.png
InfectedFish,Raw,salmon_dis_76,salmon_dis_76.png,test,Included in Test (Raw Split),test\InfectedFish\salmon_dis_76.png
InfectedFish,Raw,salmon_dis_58,salmon_dis_58.png,test,Included in Test (Raw Split),test\InfectedFish\salmon_dis_58.png
InfectedFish,Raw,salmon_dis_29,salmon_dis_29.png,test,Included in Test (Raw Split),test\InfectedFish\salmon_dis_29.png
InfectedFish,Raw,salmon_dis_54,salmon_dis_54.png,test,Included in Test (Raw Split),test\InfectedFish\salmon_dis_54.png
InfectedFish,Raw,salmon_dis_70,salmon_dis_70.png,test,Included in Test (Raw Split),test\InfectedFish\salmon_dis_70.png
InfectedFish,Raw,salmon_dis_90,salmon_dis_90.png,test,Included in Test (Raw Split),test\InfectedFish\salmon_dis_90.png
InfectedFish,Raw,salmon_dis_84,salmon_dis_84.png,test,Included in Test (Raw Split),test\InfectedFish\salmon_dis_84.png
InfectedFish,Augmented,salmon_dis_01,salmon_dis_01__brightness_reduction__factor_0p6.jpg,ignored,Ignored (Parent in Test),None
InfectedFish,Augmented,salmon_dis_01,salmon_dis_01__contrast_reduction__factor_0p7.jpg,ignored,Ignored (Parent in Test),None
InfectedFish,Augmented,salmon_dis_01,salmon_dis_01__gaussian_blur__sigma_2p2.jpg,ignored,Ignored (Parent in Test),None
InfectedFish,Augmented,salmon_dis_01,salmon_dis_01__gaussian_noise__var_0p02.jpg,ignored,Ignored (Parent in Test),None
InfectedFish,Augmented,salmon_dis_01,salmon_dis_01__mirror__axis_x.jpg,ignored,Ignored (Parent in Test),None
InfectedFish,Augmented,salmon_dis_01,salmon_dis_01__mirror__axis_y.jpg,ignored,Ignored (Parent in Test),None
InfectedFish,Augmented,salmon_dis_01,salmon_dis_01__motion_blur__kernel_11__angle_45deg.jpg,ignored,Ignored (Parent in Test),None
InfectedFish,Augmented,salmon_dis_01,salmon_dis_01__motion_blur__kernel_7__angle_0deg.jpg,ignored,Ignored (Parent in Test),None
InfectedFish,Augmented,salmon_dis_01,salmon_dis_01__motion_blur__kernel_9__angle_90deg.jpg,ignored,Ignored (Parent in Test),None
InfectedFish,Augmented,salmon_dis_01,salmon_dis_01__rotation__angle_-10deg.jpg,ignored,Ignored (Parent in Test),None
InfectedFish,Augmented,salmon_dis_01,salmon_dis_01__rotation__angle_10deg.jpg,ignored,Ignored (Parent in Test),None
InfectedFish,Augmented,salmon_dis_02,salmon_dis_02__brightness_reduction__factor_0p6.jpg,train,Included in Train (Parent in Train),train\InfectedFish\salmon_dis_02__brightness_reduction__factor_0p6.jpg
InfectedFish,Augmented,salmon_dis_02,salmon_dis_02__contrast_reduction__factor_0p7.jpg,train,Included in Train (Parent in Train),train\InfectedFish\salmon_dis_02__contrast_reduction__factor_0p7.jpg
InfectedFish,Augmented,salmon_dis_02,salmon_dis_02__gaussian_blur__sigma_2p2.jpg,train,Included in Train (Parent in Train),train\InfectedFish\salmon_dis_02__gaussian_blur__sigma_2p2.jpg
InfectedFish,Augmented,salmon_dis_02,salmon_dis_02__gaussian_noise__var_0p02.jpg,train,Included in Train (Parent in Train),train\InfectedFish\salmon_dis_02__gaussian_noise__var_0p02.jpg
InfectedFish,Augmented,salmon_dis_02,salmon_dis_02__mirror__axis_x.jpg,train,Included in Train (Parent in Train),train\InfectedFish\salmon_dis_02__mirror__axis_x.jpg
InfectedFish,Augmented,salmon_dis_02,salmon_dis_02__mirror__axis_y.jpg,train,Included in Train (Parent in Train),train\InfectedFish\salmon_dis_02__mirror__axis_y.jpg
InfectedFish,Augmented,salmon_dis_02,salmon_dis_02__motion_blur__kernel_11__angle_45deg.jpg,train,Included in Train (Parent in Train),train\InfectedFish\salmon_dis_02__motion_blur__kernel_11__angle_45deg.jpg
InfectedFish,Augmented,salmon_dis_02,salmon_dis_02__motion_blur__kernel_7__angle_0deg.jpg,train,Included in Train (Parent in Train),train\InfectedFish\salmon_dis_02__motion_blur__kernel_7__angle_0deg.jpg
InfectedFish,Augmented,salmon_dis_02,salmon_dis_02__motion_blur__kernel_9__angle_90deg.jpg,train,Included in Train (Parent in Train),train\InfectedFish\salmon_dis_02__motion_blur__kernel_9__angle_90deg.jpg
InfectedFish,Augmented,salmon_dis_02,salmon_dis_02__rotation__angle_-10deg.jpg,train,Included in Train (Parent in Train),train\InfectedFish\salmon_dis_02__rotation__angle_-10deg.jpg
InfectedFish,Augmented,salmon_dis_02,salmon_dis_02__rotation__angle_10deg.jpg,train,Included in Train (Parent in Train),train\InfectedFish\salmon_dis_02__rotation__angle_10deg.jpg
InfectedFish,Augmented,salmon_dis_03,salmon_dis_03__brightness_reduction__factor_0p6.jpg,train,Included in Train (Parent in Train),train\InfectedFish\salmon_dis_03__brightness_reduction__factor_0p6.jpg
InfectedFish,Augmented,salmon_dis_03,salmon_dis_03__contrast_reduction__factor_0p7.jpg,train,Included in Train (Parent in Train),train\InfectedFish\salmon_dis_03__contrast_reduction__factor_0p7.jpg
InfectedFish,Augmented,salmon_dis_03,salmon_dis_03__gaussian_blur__sigma_2p2.jpg,train,Included in Train (Parent in Train),train\InfectedFish\salmon_dis_03__gaussian_blur__sigma_2p2.jpg
InfectedFish,Augmented,salmon_dis_03,salmon_dis_03__gaussian_noise__var_0p02.jpg,train,Included in Train (Parent in Train),train\InfectedFish\salmon_dis_03__gaussian_noise__var_0p02.jpg
InfectedFish,Augmented,salmon_dis_03,salmon_dis_03__mirror__axis_x.jpg,train,Included in Train (Parent in Train),train\InfectedFish\salmon_dis_03__mirror__axis_x.jpg
InfectedFish,Augmented,salmon_dis_03,salmon_dis_03__mirror__axis_y.jpg,train,Included in Train (Parent in Train),train\InfectedFish\salmon_dis_03__mirror__axis_y.jpg
InfectedFish,Augmented,salmon_dis_03,salmon_dis_03__motion_blur__kernel_11__angle_45deg.jpg,train,Included in Train (Parent in Train),train\InfectedFish\salmon_dis_03__motion_blur__kernel_11__angle_45deg.jpg
InfectedFish,Augmented,salmon_dis_03,salmon_dis_03__motion_blur__kernel_7__angle_0deg.jpg,train,Included in Train (Parent in Train),train\InfectedFish\salmon_dis_03__motion_blur__kernel_7__angle_0deg.jpg
InfectedFish,Augmented,salmon_dis_03,salmon_dis_03__motion_blur__kernel_9__angle_90deg.jpg,train,Included in Train (Parent in Train),train\InfectedFish\salmon_dis_03__motion_blur__kernel_9__angle_90deg.jpg
InfectedFish,Augmented,salmon_dis_03,salmon_dis_03__rotation__angle_-10deg.jpg,train,Included in Train (Parent in Train),train\InfectedFish\salmon_dis_03__rotation__angle_-10deg.jpg
InfectedFish,Augmented,salmon_dis_03,salmon_dis_03__rotation__angle_10deg.jpg,train,Included in Train (Parent in Train),train\InfectedFish\salmon_dis_03__rotation__angle_10deg.jpg
InfectedFish,Augmented,salmon_dis_04,salmon_dis_04__brightness_reduction__factor_0p6.jpg,train,Included in Train (Parent in Train),train\InfectedFish\salmon_dis_04__brightness_reduction__factor_0p6.jpg
InfectedFish,Augmented,salmon_dis_04,salmon_dis_04__contrast_reduction__factor_0p7.jpg,train,Included in Train (Parent in Train),train\InfectedFish\salmon_dis_04__contrast_reduction__factor_0p7.jpg
InfectedFish,Augmented,salmon_dis_04,salmon_dis_04__gaussian_blur__sigma_2p2.jpg,train,Included in Train (Parent in Train),train\InfectedFish\salmon_dis_04__gaussian_blur__sigma_2p2.jpg
InfectedFish,Augmented,salmon_dis_04,salmon_dis_04__gaussian_noise__var_0p02.jpg,train,Included in Train (Parent in Train),train\InfectedFish\salmon_dis_04__gaussian_noise__var_0p02.jpg
InfectedFish,Augmented,salmon_dis_04,salmon_dis_04__mirror__axis_x.jpg,train,Included in Train (Parent in Train),train\InfectedFish\salmon_dis_04__mirror__axis_x.jpg
InfectedFish,Augmented,salmon_dis_04,salmon_dis_04__mirror__axis_y.jpg,train,Included in Train (Parent in Train),train\InfectedFish\salmon_dis_04__mirror__axis_y.jpg
InfectedFish,Augmented,salmon_dis_04,salmon_dis_04__motion_blur__kernel_11__angle_45deg.jpg,train,Included in Train (Parent in Train),train\InfectedFish\salmon_dis_04__motion_blur__kernel_11__angle_45deg.jpg
InfectedFish,Augmented,salmon_dis_04,salmon_dis_04__motion_blur__kernel_7__angle_0deg.jpg,train,Included in Train (Parent in Train),train\InfectedFish\salmon_dis_04__motion_blur__kernel_7__angle_0deg.jpg
InfectedFish,Augmented,salmon_dis_04,salmon_dis_04__motion_blur__kernel_9__angle_90deg.jpg,train,Included in Train (Parent in Train),train\InfectedFish\salmon_dis_04__motion_blur__kernel_9__angle_90deg.jpg
InfectedFish,Augmented,salmon_dis_04,salmon_dis_04__rotation__angle_-10deg.jpg,train,Included in Train (Parent in Train),train\InfectedFish\salmon_dis_04__rotation__angle_-10deg.jpg
InfectedFish,Augmented,salmon_dis_04,salmon_dis_04__rotation__angle_10deg.jpg,train,Included in Train (Parent in Train),train\InfectedFish\salmon_dis_04__rotation__angle_10deg.jpg
InfectedFish,Augmented,salmon_dis_05,salmon_dis_05__brightness_reduction__factor_0p6.jpg,train,Included in Train (Parent in Train),train\InfectedFish\salmon_dis_05__brightness_reduction__factor_0p6.jpg
InfectedFish,Augmented,salmon_dis_05,salmon_dis_05__contrast_reduction__factor_0p7.jpg,train,Included in Train (Parent in Train),train\InfectedFish\salmon_dis_05__contrast_reduction__factor_0p7.jpg
InfectedFish,Augmented,salmon_dis_05,salmon_dis_05__gaussian_blur__sigma_2p2.jpg,train,Included in Train (Parent in Train),train\InfectedFish\salmon_dis_05__gaussian_blur__sigma_2p2.jpg
InfectedFish,Augmented,salmon_dis_05,salmon_dis_05__gaussian_noise__var_0p02.jpg,train,Included in Train (Parent in Train),train\InfectedFish\salmon_dis_05__gaussian_noise__var_0p02.jpg
InfectedFish,Augmented,salmon_dis_05,salmon_dis_05__mirror__axis_x.jpg,train,Included in Train (Parent in Train),train\InfectedFish\salmon_dis_05__mirror__axis_x.jpg
InfectedFish,Augmented,salmon_dis_05,salmon_dis_05__mirror__axis_y.jpg,train,Included in Train (Parent in Train),train\InfectedFish\salmon_dis_05__mirror__axis_y.jpg
InfectedFish,Augmented,salmon_dis_05,salmon_dis_05__motion_blur__kernel_11__angle_45deg.jpg,train,Included in Train (Parent in Train),train\InfectedFish\salmon_dis_05__motion_blur__kernel_11__angle_45deg.jpg
InfectedFish,Augmented,salmon_dis_05,salmon_dis_05__motion_blur__kernel_7__angle_0deg.jpg,train,Included in Train (Parent in Train),train\InfectedFish\salmon_dis_05__motion_blur__kernel_7__angle_0deg.jpg
InfectedFish,Augmented,salmon_dis_05,salmon_dis_05__motion_blur__kernel_9__angle_90deg.jpg,train,Included in Train (Parent in Train),train\InfectedFish\salmon_dis_05__motion_blur__kernel_9__angle_90deg.jpg
InfectedFish,Augmented,salmon_dis_05,salmon_dis_05__rotation__angle_-10deg.jpg,train,Included in Train (Parent in Train),train\InfectedFish\salmon_dis_05__rotation__angle_-10deg.jpg
InfectedFish,Augmented,salmon_dis_05,salmon_dis_05__rotation__angle_10deg.jpg,train,Included in Train (Parent in Train),train\InfectedFish\salmon_dis_05__rotation__angle_10deg.jpg
InfectedFish,Augmented,salmon_dis_06,salmon_dis_06__brightness_reduction__factor_0p6.jpg,train,Included in Train (Parent in Train),train\InfectedFish\salmon_dis_06__brightness_reduction__factor_0p6.jpg
InfectedFish,Augmented,salmon_dis_06,salmon_dis_06__contrast_reduction__factor_0p7.jpg,train,Included in Train (Parent in Train),train\InfectedFish\salmon_dis_06__contrast_reduction__factor_0p7.jpg
InfectedFish,Augmented,salmon_dis_06,salmon_dis_06__gaussian_blur__sigma_2p2.jpg,train,Included in Train (Parent in Train),train\InfectedFish\salmon_dis_06__gaussian_blur__sigma_2p2.jpg
InfectedFish,Augmented,salmon_dis_06,salmon_dis_06__gaussian_noise__var_0p02.jpg,train,Included in Train (Parent in Train),train\InfectedFish\salmon_dis_06__gaussian_noise__var_0p02.jpg
InfectedFish,Augmented,salmon_dis_06,salmon_dis_06__mirror__axis_x.jpg,train,Included in Train (Parent in Train),train\InfectedFish\salmon_dis_06__mirror__axis_x.jpg
InfectedFish,Augmented,salmon_dis_06,salmon_dis_06__mirror__axis_y.jpg,train,Included in Train (Parent in Train),train\InfectedFish\salmon_dis_06__mirror__axis_y.jpg
InfectedFish,Augmented,salmon_dis_06,salmon_dis_06__motion_blur__kernel_11__angle_45deg.jpg,train,Included in Train (Parent in Train),train\InfectedFish\salmon_dis_06__motion_blur__kernel_11__angle_45deg.jpg
InfectedFish,Augmented,salmon_dis_06,salmon_dis_06__motion_blur__kernel_7__angle_0deg.jpg,train,Included in Train (Parent in Train),train\InfectedFish\salmon_dis_06__motion_blur__kernel_7__angle_0deg.jpg
InfectedFish,Augmented,salmon_dis_06,salmon_dis_06__motion_blur__kernel_9__angle_90deg.jpg,train,Included in Train (Parent in Train),train\InfectedFish\salmon_dis_06__motion_blur__kernel_9__angle_90deg.jpg
InfectedFish,Augmented,salmon_dis_06,salmon_dis_06__rotation__angle_-10deg.jpg,train,Included in Train (Parent in Train),train\InfectedFish\salmon_dis_06__rotation__angle_-10deg.jpg
InfectedFish,Augmented,salmon_dis_06,salmon_dis_06__rotation__angle_10deg.jpg,train,Included in Train (Parent in Train),train\InfectedFish\salmon_dis_06__rotation__angle_10deg.jpg
InfectedFish,Augmented,salmon_dis_07,salmon_dis_07__brightness_reduction__factor_0p6.jpg,train,Included in Train (Parent in Train),train\InfectedFish\salmon_dis_07__brightness_reduction__factor_0p6.jpg
InfectedFish,Augmented,salmon_dis_07,salmon_dis_07__contrast_reduction__factor_0p7.jpg,train,Included in Train (Parent in Train),train\InfectedFish\salmon_dis_07__contrast_reduction__factor_0p7.jpg
InfectedFish,Augmented,salmon_dis_07,salmon_dis_07__gaussian_blur__sigma_2p2.jpg,train,Included in Train (Parent in Train),train\InfectedFish\salmon_dis_07__gaussian_blur__sigma_2p2.jpg
InfectedFish,Augmented,salmon_dis_07,salmon_dis_07__gaussian_noise__var_0p02.jpg,train,Included in Train (Parent in Train),train\InfectedFish\salmon_dis_07__gaussian_noise__var_0p02.jpg
InfectedFish,Augmented,salmon_dis_07,salmon_dis_07__mirror__axis_x.jpg,train,Included in Train (Parent in Train),train\InfectedFish\salmon_dis_07__mirror__axis_x.jpg
InfectedFish,Augmented,salmon_dis_07,salmon_dis_07__mirror__axis_y.jpg,train,Included in Train (Parent in Train),train\InfectedFish\salmon_dis_07__mirror__axis_y.jpg
InfectedFish,Augmented,salmon_dis_07,salmon_dis_07__motion_blur__kernel_11__angle_45deg.jpg,train,Included in Train (Parent in Train),train\InfectedFish\salmon_dis_07__motion_blur__kernel_11__angle_45deg.jpg
InfectedFish,Augmented,salmon_dis_07,salmon_dis_07__motion_blur__kernel_7__angle_0deg.jpg,train,Included in Train (Parent in Train),train\InfectedFish\salmon_dis_07__motion_blur__kernel_7__angle_0deg.jpg
InfectedFish,Augmented,salmon_dis_07,salmon_dis_07__motion_blur__kernel_9__angle_90deg.jpg,train,Included in Train (Parent in Train),train\InfectedFish\salmon_dis_07__motion_blur__kernel_9__angle_90deg.jpg
InfectedFish,Augmented,salmon_dis_07,salmon_dis_07__rotation__angle_-10deg.jpg,train,Included in Train (Parent in Train),train\InfectedFish\salmon_dis_07__rotation__angle_-10deg.jpg
InfectedFish,Augmented,salmon_dis_07,salmon_dis_07__rotation__angle_10deg.jpg,train,Included in Train (Parent in Train),train\InfectedFish\salmon_dis_07__rotation__angle_10deg.jpg
InfectedFish,Augmented,salmon_dis_08,salmon_dis_08__brightness_reduction__factor_0p6.jpg,train,Included in Train (Parent in Train),train\InfectedFish\salmon_dis_08__brightness_reduction__factor_0p6.jpg
InfectedFish,Augmented,salmon_dis_08,salmon_dis_08__contrast_reduction__factor_0p7.jpg,train,Included in Train (Parent in Train),train\InfectedFish\salmon_dis_08__contrast_reduction__factor_0p7.jpg
InfectedFish,Augmented,salmon_dis_08,salmon_dis_08__gaussian_blur__sigma_2p2.jpg,train,Included in Train (Parent in Train),train\InfectedFish\salmon_dis_08__gaussian_blur__sigma_2p2.jpg
InfectedFish,Augmented,salmon_dis_08,salmon_dis_08__gaussian_noise__var_0p02.jpg,train,Included in Train (Parent in Train),train\InfectedFish\salmon_dis_08__gaussian_noise__var_0p02.jpg
InfectedFish,Augmented,salmon_dis_08,salmon_dis_08__mirror__axis_x.jpg,train,Included in Train (Parent in Train),train\InfectedFish\salmon_dis_08__mirror__axis_x.jpg
InfectedFish,Augmented,salmon_dis_08,salmon_dis_08__mirror__axis_y.jpg,train,Included in Train (Parent in Train),train\InfectedFish\salmon_dis_08__mirror__axis_y.jpg
InfectedFish,Augmented,salmon_dis_08,salmon_dis_08__motion_blur__kernel_11__angle_45deg.jpg,train,Included in Train (Parent in Train),train\InfectedFish\salmon_dis_08__motion_blur__kernel_11__angle_45deg.jpg
InfectedFish,Augmented,salmon_dis_08,salmon_dis_08__motion_blur__kernel_7__angle_0deg.jpg,train,Included in Train (Parent in Train),train\InfectedFish\salmon_dis_08__motion_blur__kernel_7__angle_0deg.jpg
InfectedFish,Augmented,salmon_dis_08,salmon_dis_08__motion_blur__kernel_9__angle_90deg.jpg,train,Included in Train (Parent in Train),train\InfectedFish\salmon_dis_08__motion_blur__kernel_9__angle_90deg.jpg
InfectedFish,Augmented,salmon_dis_08,salmon_dis_08__rotation__angle_-10deg.jpg,train,Included in Train (Parent in Train),train\InfectedFish\salmon_dis_08__rotation__angle_-10deg.jpg
InfectedFish,Augmented,salmon_dis_08,salmon_dis_08__rotation__angle_10deg.jpg,train,Included in Train (Parent in Train),train\InfectedFish\salmon_dis_08__rotation__angle_10deg.jpg
InfectedFish,Augmented,salmon_dis_09,salmon_dis_09__brightness_reduction__factor_0p6.jpg,train,Included in Train (Parent in Train),train\InfectedFish\salmon_dis_09__brightness_reduction__factor_0p6.jpg
InfectedFish,Augmented,salmon_dis_09,salmon_dis_09__contrast_reduction__factor_0p7.jpg,train,Included in Train (Parent in Train),train\InfectedFish\salmon_dis_09__contrast_reduction__factor_0p7.jpg
InfectedFish,Augmented,salmon_dis_09,salmon_dis_09__gaussian_blur__sigma_2p2.jpg,train,Included in Train (Parent in Train),train\InfectedFish\salmon_dis_09__gaussian_blur__sigma_2p2.jpg
InfectedFish,Augmented,salmon_dis_09,salmon_dis_09__gaussian_noise__var_0p02.jpg,train,Included in Train (Parent in Train),train\InfectedFish\salmon_dis_09__gaussian_noise__var_0p02.jpg
InfectedFish,Augmented,salmon_dis_09,salmon_dis_09__mirror__axis_x.jpg,train,Included in Train (Parent in Train),train\InfectedFish\salmon_dis_09__mirror__axis_x.jpg
InfectedFish,Augmented,salmon_dis_09,salmon_dis_09__mirror__axis_y.jpg,train,Included in Train (Parent in Train),train\InfectedFish\salmon_dis_09__mirror__axis_y.jpg
InfectedFish,Augmented,salmon_dis_09,salmon_dis_09__motion_blur__kernel_11__angle_45deg.jpg,train,Included in Train (Parent in Train),train\InfectedFish\salmon_dis_09__motion_blur__kernel_11__angle_45deg.jpg
InfectedFish,Augmented,salmon_dis_09,salmon_dis_09__motion_blur__kernel_7__angle_0deg.jpg,train,Included in Train (Parent in Train),train\InfectedFish\salmon_dis_09__motion_blur__kernel_7__angle_0deg.jpg
InfectedFish,Augmented,salmon_dis_09,salmon_dis_09__motion_blur__kernel_9__angle_90deg.jpg,train,Included in Train (Parent in Train),train\InfectedFish\salmon_dis_09__motion_blur__kernel_9__angle_90deg.jpg
InfectedFish,Augmented,salmon_dis_09,salmon_dis_09__rotation__angle_-10deg.jpg,train,Included in Train (Parent in Train),train\InfectedFish\salmon_dis_09__rotation__angle_-10deg.jpg
InfectedFish,Augmented,salmon_dis_09,salmon_dis_09__rotation__angle_10deg.jpg,train,Included in Train (Parent in Train),train\InfectedFish\salmon_dis_09__rotation__angle_10deg.jpg
InfectedFish,Augmented,salmon_dis_10,salmon_dis_10__brightness_reduction__factor_0p6.jpg,train,Included in Train (Parent in Train),train\InfectedFish\salmon_dis_10__brightness_reduction__factor_0p6.jpg
InfectedFish,Augmented,salmon_dis_10,salmon_dis_10__contrast_reduction__factor_0p7.jpg,train,Included in Train (Parent in Train),train\InfectedFish\salmon_dis_10__contrast_reduction__factor_0p7.jpg
InfectedFish,Augmented,salmon_dis_10,salmon_dis_10__gaussian_blur__sigma_2p2.jpg,train,Included in Train (Parent in Train),train\InfectedFish\salmon_dis_10__gaussian_blur__sigma_2p2.jpg
InfectedFish,Augmented,salmon_dis_10,salmon_dis_10__gaussian_noise__var_0p02.jpg,train,Included in Train (Parent in Train),train\InfectedFish\salmon_dis_10__gaussian_noise__var_0p02.jpg
InfectedFish,Augmented,salmon_dis_10,salmon_dis_10__mirror__axis_x.jpg,train,Included in Train (Parent in Train),train\InfectedFish\salmon_dis_10__mirror__axis_x.jpg
InfectedFish,Augmented,salmon_dis_10,salmon_dis_10__mirror__axis_y.jpg,train,Included in Train (Parent in Train),train\InfectedFish\salmon_dis_10__mirror__axis_y.jpg
InfectedFish,Augmented,salmon_dis_10,salmon_dis_10__motion_blur__kernel_11__angle_45deg.jpg,train,Included in Train (Parent in Train),train\InfectedFish\salmon_dis_10__motion_blur__kernel_11__angle_45deg.jpg
InfectedFish,Augmented,salmon_dis_10,salmon_dis_10__motion_blur__kernel_7__angle_0deg.jpg,train,Included in Train (Parent in Train),train\InfectedFish\salmon_dis_10__motion_blur__kernel_7__angle_0deg.jpg
InfectedFish,Augmented,salmon_dis_10,salmon_dis_10__motion_blur__kernel_9__angle_90deg.jpg,train,Included in Train (Parent in Train),train\InfectedFish\salmon_dis_10__motion_blur__kernel_9__angle_90deg.jpg
InfectedFish,Augmented,salmon_dis_10,salmon_dis_10__rotation__angle_-10deg.jpg,train,Included in Train (Parent in Train),train\InfectedFish\salmon_dis_10__rotation__angle_-10deg.jpg
InfectedFish,Augmented,salmon_dis_10,salmon_dis_10__rotation__angle_10deg.jpg,train,Included in Train (Parent in Train),train\InfectedFish\salmon_dis_10__rotation__angle_10deg.jpg
InfectedFish,Augmented,salmon_dis_11,salmon_dis_11__brightness_reduction__factor_0p6.jpg,train,Included in Train (Parent in Train),train\InfectedFish\salmon_dis_11__brightness_reduction__factor_0p6.jpg
InfectedFish,Augmented,salmon_dis_11,salmon_dis_11__contrast_reduction__factor_0p7.jpg,train,Included in Train (Parent in Train),train\InfectedFish\salmon_dis_11__contrast_reduction__factor_0p7.jpg
InfectedFish,Augmented,salmon_dis_11,salmon_dis_11__gaussian_blur__sigma_2p2.jpg,train,Included in Train (Parent in Train),train\InfectedFish\salmon_dis_11__gaussian_blur__sigma_2p2.jpg
InfectedFish,Augmented,salmon_dis_11,salmon_dis_11__gaussian_noise__var_0p02.jpg,train,Included in Train (Parent in Train),train\InfectedFish\salmon_dis_11__gaussian_noise__var_0p02.jpg
InfectedFish,Augmented,salmon_dis_11,salmon_dis_11__mirror__axis_x.jpg,train,Included in Train (Parent in Train),train\InfectedFish\salmon_dis_11__mirror__axis_x.jpg
InfectedFish,Augmented,salmon_dis_11,salmon_dis_11__mirror__axis_y.jpg,train,Included in Train (Parent in Train),train\InfectedFish\salmon_dis_11__mirror__axis_y.jpg
InfectedFish,Augmented,salmon_dis_11,salmon_dis_11__motion_blur__kernel_11__angle_45deg.jpg,train,Included in Train (Parent in Train),train\InfectedFish\salmon_dis_11__motion_blur__kernel_11__angle_45deg.jpg
InfectedFish,Augmented,salmon_dis_11,salmon_dis_11__motion_blur__kernel_7__angle_0deg.jpg,train,Included in Train (Parent in Train),train\InfectedFish\salmon_dis_11__motion_blur__kernel_7__angle_0deg.jpg
InfectedFish,Augmented,salmon_dis_11,salmon_dis_11__motion_blur__kernel_9__angle_90deg.jpg,train,Included in Train (Parent in Train),train\InfectedFish\salmon_dis_11__motion_blur__kernel_9__angle_90deg.jpg
InfectedFish,Augmented,salmon_dis_11,salmon_dis_11__rotation__angle_-10deg.jpg,train,Included in Train (Parent in Train),train\InfectedFish\salmon_dis_11__rotation__angle_-10deg.jpg
InfectedFish,Augmented,salmon_dis_11,salmon_dis_11__rotation__angle_10deg.jpg,train,Included in Train (Parent in Train),train\InfectedFish\salmon_dis_11__rotation__angle_10deg.jpg
InfectedFish,Augmented,salmon_dis_12,salmon_dis_12__brightness_reduction__factor_0p6.jpg,ignored,Ignored (Parent in Test),None
InfectedFish,Augmented,salmon_dis_12,salmon_dis_12__contrast_reduction__factor_0p7.jpg,ignored,Ignored (Parent in Test),None
InfectedFish,Augmented,salmon_dis_12,salmon_dis_12__gaussian_blur__sigma_2p2.jpg,ignored,Ignored (Parent in Test),None
InfectedFish,Augmented,salmon_dis_12,salmon_dis_12__gaussian_noise__var_0p02.jpg,ignored,Ignored (Parent in Test),None
InfectedFish,Augmented,salmon_dis_12,salmon_dis_12__mirror__axis_x.jpg,ignored,Ignored (Parent in Test),None
InfectedFish,Augmented,salmon_dis_12,salmon_dis_12__mirror__axis_y.jpg,ignored,Ignored (Parent in Test),None
InfectedFish,Augmented,salmon_dis_12,salmon_dis_12__motion_blur__kernel_11__angle_45deg.jpg,ignored,Ignored (Parent in Test),None
InfectedFish,Augmented,salmon_dis_12,salmon_dis_12__motion_blur__kernel_7__angle_0deg.jpg,ignored,Ignored (Parent in Test),None
InfectedFish,Augmented,salmon_dis_12,salmon_dis_12__motion_blur__kernel_9__angle_90deg.jpg,ignored,Ignored (Parent in Test),None
InfectedFish,Augmented,salmon_dis_12,salmon_dis_12__rotation__angle_-10deg.jpg,ignored,Ignored (Parent in Test),None
InfectedFish,Augmented,salmon_dis_12,salmon_dis_12__rotation__angle_10deg.jpg,ignored,Ignored (Parent in Test),None
InfectedFish,Augmented,salmon_dis_13,salmon_dis_13__brightness_reduction__factor_0p6.jpg,train,Included in Train (Parent in Train),train\InfectedFish\salmon_dis_13__brightness_reduction__factor_0p6.jpg
InfectedFish,Augmented,salmon_dis_13,salmon_dis_13__contrast_reduction__factor_0p7.jpg,train,Included in Train (Parent in Train),train\InfectedFish\salmon_dis_13__contrast_reduction__factor_0p7.jpg
InfectedFish,Augmented,salmon_dis_13,salmon_dis_13__gaussian_blur__sigma_2p2.jpg,train,Included in Train (Parent in Train),train\InfectedFish\salmon_dis_13__gaussian_blur__sigma_2p2.jpg
InfectedFish,Augmented,salmon_dis_13,salmon_dis_13__gaussian_noise__var_0p02.jpg,train,Included in Train (Parent in Train),train\InfectedFish\salmon_dis_13__gaussian_noise__var_0p02.jpg
InfectedFish,Augmented,salmon_dis_13,salmon_dis_13__mirror__axis_x.jpg,train,Included in Train (Parent in Train),train\InfectedFish\salmon_dis_13__mirror__axis_x.jpg
InfectedFish,Augmented,salmon_dis_13,salmon_dis_13__mirror__axis_y.jpg,train,Included in Train (Parent in Train),train\InfectedFish\salmon_dis_13__mirror__axis_y.jpg
InfectedFish,Augmented,salmon_dis_13,salmon_dis_13__motion_blur__kernel_11__angle_45deg.jpg,train,Included in Train (Parent in Train),train\InfectedFish\salmon_dis_13__motion_blur__kernel_11__angle_45deg.jpg
InfectedFish,Augmented,salmon_dis_13,salmon_dis_13__motion_blur__kernel_7__angle_0deg.jpg,train,Included in Train (Parent in Train),train\InfectedFish\salmon_dis_13__motion_blur__kernel_7__angle_0deg.jpg
InfectedFish,Augmented,salmon_dis_13,salmon_dis_13__motion_blur__kernel_9__angle_90deg.jpg,train,Included in Train (Parent in Train),train\InfectedFish\salmon_dis_13__motion_blur__kernel_9__angle_90deg.jpg
InfectedFish,Augmented,salmon_dis_13,salmon_dis_13__rotation__angle_-10deg.jpg,train,Included in Train (Parent in Train),train\InfectedFish\salmon_dis_13__rotation__angle_-10deg.jpg
InfectedFish,Augmented,salmon_dis_13,salmon_dis_13__rotation__angle_10deg.jpg,train,Included in Train (Parent in Train),train\InfectedFish\salmon_dis_13__rotation__angle_10deg.jpg
InfectedFish,Augmented,salmon_dis_14,salmon_dis_14__brightness_reduction__factor_0p6.jpg,ignored,Ignored (Parent in Test),None
InfectedFish,Augmented,salmon_dis_14,salmon_dis_14__contrast_reduction__factor_0p7.jpg,ignored,Ignored (Parent in Test),None
InfectedFish,Augmented,salmon_dis_14,salmon_dis_14__gaussian_blur__sigma_2p2.jpg,ignored,Ignored (Parent in Test),None
InfectedFish,Augmented,salmon_dis_14,salmon_dis_14__gaussian_noise__var_0p02.jpg,ignored,Ignored (Parent in Test),None
InfectedFish,Augmented,salmon_dis_14,salmon_dis_14__mirror__axis_x.jpg,ignored,Ignored (Parent in Test),None
InfectedFish,Augmented,salmon_dis_14,salmon_dis_14__mirror__axis_y.jpg,ignored,Ignored (Parent in Test),None
InfectedFish,Augmented,salmon_dis_14,salmon_dis_14__motion_blur__kernel_11__angle_45deg.jpg,ignored,Ignored (Parent in Test),None
InfectedFish,Augmented,salmon_dis_14,salmon_dis_14__motion_blur__kernel_7__angle_0deg.jpg,ignored,Ignored (Parent in Test),None
InfectedFish,Augmented,salmon_dis_14,salmon_dis_14__motion_blur__kernel_9__angle_90deg.jpg,ignored,Ignored (Parent in Test),None
InfectedFish,Augmented,salmon_dis_14,salmon_dis_14__rotation__angle_-10deg.jpg,ignored,Ignored (Parent in Test),None
InfectedFish,Augmented,salmon_dis_14,salmon_dis_14__rotation__angle_10deg.jpg,ignored,Ignored (Parent in Test),None
InfectedFish,Augmented,salmon_dis_15,salmon_dis_15__brightness_reduction__factor_0p6.jpg,train,Included in Train (Parent in Train),train\InfectedFish\salmon_dis_15__brightness_reduction__factor_0p6.jpg
InfectedFish,Augmented,salmon_dis_15,salmon_dis_15__contrast_reduction__factor_0p7.jpg,train,Included in Train (Parent in Train),train\InfectedFish\salmon_dis_15__contrast_reduction__factor_0p7.jpg
InfectedFish,Augmented,salmon_dis_15,salmon_dis_15__gaussian_blur__sigma_2p2.jpg,train,Included in Train (Parent in Train),train\InfectedFish\salmon_dis_15__gaussian_blur__sigma_2p2.jpg
InfectedFish,Augmented,salmon_dis_15,salmon_dis_15__gaussian_noise__var_0p02.jpg,train,Included in Train (Parent in Train),train\InfectedFish\salmon_dis_15__gaussian_noise__var_0p02.jpg
InfectedFish,Augmented,salmon_dis_15,salmon_dis_15__mirror__axis_x.jpg,train,Included in Train (Parent in Train),train\InfectedFish\salmon_dis_15__mirror__axis_x.jpg
InfectedFish,Augmented,salmon_dis_15,salmon_dis_15__mirror__axis_y.jpg,train,Included in Train (Parent in Train),train\InfectedFish\salmon_dis_15__mirror__axis_y.jpg
InfectedFish,Augmented,salmon_dis_15,salmon_dis_15__motion_blur__kernel_11__angle_45deg.jpg,train,Included in Train (Parent in Train),train\InfectedFish\salmon_dis_15__motion_blur__kernel_11__angle_45deg.jpg
InfectedFish,Augmented,salmon_dis_15,salmon_dis_15__motion_blur__kernel_7__angle_0deg.jpg,train,Included in Train (Parent in Train),train\InfectedFish\salmon_dis_15__motion_blur__kernel_7__angle_0deg.jpg
InfectedFish,Augmented,salmon_dis_15,salmon_dis_15__motion_blur__kernel_9__angle_90deg.jpg,train,Included in Train (Parent in Train),train\InfectedFish\salmon_dis_15__motion_blur__kernel_9__angle_90deg.jpg
InfectedFish,Augmented,salmon_dis_15,salmon_dis_15__rotation__angle_-10deg.jpg,train,Included in Train (Parent in Train),train\InfectedFish\salmon_dis_15__rotation__angle_-10deg.jpg
InfectedFish,Augmented,salmon_dis_15,salmon_dis_15__rotation__angle_10deg.jpg,train,Included in Train (Parent in Train),train\InfectedFish\salmon_dis_15__rotation__angle_10deg.jpg
InfectedFish,Augmented,salmon_dis_16,salmon_dis_16__brightness_reduction__factor_0p6.jpg,train,Included in Train (Parent in Train),train\InfectedFish\salmon_dis_16__brightness_reduction__factor_0p6.jpg
InfectedFish,Augmented,salmon_dis_16,salmon_dis_16__contrast_reduction__factor_0p7.jpg,train,Included in Train (Parent in Train),train\InfectedFish\salmon_dis_16__contrast_reduction__factor_0p7.jpg
InfectedFish,Augmented,salmon_dis_16,salmon_dis_16__gaussian_blur__sigma_2p2.jpg,train,Included in Train (Parent in Train),train\InfectedFish\salmon_dis_16__gaussian_blur__sigma_2p2.jpg
InfectedFish,Augmented,salmon_dis_16,salmon_dis_16__gaussian_noise__var_0p02.jpg,train,Included in Train (Parent in Train),train\InfectedFish\salmon_dis_16__gaussian_noise__var_0p02.jpg
InfectedFish,Augmented,salmon_dis_16,salmon_dis_16__mirror__axis_x.jpg,train,Included in Train (Parent in Train),train\InfectedFish\salmon_dis_16__mirror__axis_x.jpg
InfectedFish,Augmented,salmon_dis_16,salmon_dis_16__mirror__axis_y.jpg,train,Included in Train (Parent in Train),train\InfectedFish\salmon_dis_16__mirror__axis_y.jpg
InfectedFish,Augmented,salmon_dis_16,salmon_dis_16__motion_blur__kernel_11__angle_45deg.jpg,train,Included in Train (Parent in Train),train\InfectedFish\salmon_dis_16__motion_blur__kernel_11__angle_45deg.jpg
InfectedFish,Augmented,salmon_dis_16,salmon_dis_16__motion_blur__kernel_7__angle_0deg.jpg,train,Included in Train (Parent in Train),train\InfectedFish\salmon_dis_16__motion_blur__kernel_7__angle_0deg.jpg
InfectedFish,Augmented,salmon_dis_16,salmon_dis_16__motion_blur__kernel_9__angle_90deg.jpg,train,Included in Train (Parent in Train),train\InfectedFish\salmon_dis_16__motion_blur__kernel_9__angle_90deg.jpg
InfectedFish,Augmented,salmon_dis_16,salmon_dis_16__rotation__angle_-10deg.jpg,train,Included in Train (Parent in Train),train\InfectedFish\salmon_dis_16__rotation__angle_-10deg.jpg
InfectedFish,Augmented,salmon_dis_16,salmon_dis_16__rotation__angle_10deg.jpg,train,Included in Train (Parent in Train),train\InfectedFish\salmon_dis_16__rotation__angle_10deg.jpg
InfectedFish,Augmented,salmon_dis_17,salmon_dis_17__brightness_reduction__factor_0p6.jpg,train,Included in Train (Parent in Train),train\InfectedFish\salmon_dis_17__brightness_reduction__factor_0p6.jpg
InfectedFish,Augmented,salmon_dis_17,salmon_dis_17__contrast_reduction__factor_0p7.jpg,train,Included in Train (Parent in Train),train\InfectedFish\salmon_dis_17__contrast_reduction__factor_0p7.jpg
InfectedFish,Augmented,salmon_dis_17,salmon_dis_17__gaussian_blur__sigma_2p2.jpg,train,Included in Train (Parent in Train),train\InfectedFish\salmon_dis_17__gaussian_blur__sigma_2p2.jpg
InfectedFish,Augmented,salmon_dis_17,salmon_dis_17__gaussian_noise__var_0p02.jpg,train,Included in Train (Parent in Train),train\InfectedFish\salmon_dis_17__gaussian_noise__var_0p02.jpg
InfectedFish,Augmented,salmon_dis_17,salmon_dis_17__mirror__axis_x.jpg,train,Included in Train (Parent in Train),train\InfectedFish\salmon_dis_17__mirror__axis_x.jpg
InfectedFish,Augmented,salmon_dis_17,salmon_dis_17__mirror__axis_y.jpg,train,Included in Train (Parent in Train),train\InfectedFish\salmon_dis_17__mirror__axis_y.jpg
InfectedFish,Augmented,salmon_dis_17,salmon_dis_17__motion_blur__kernel_11__angle_45deg.jpg,train,Included in Train (Parent in Train),train\InfectedFish\salmon_dis_17__motion_blur__kernel_11__angle_45deg.jpg
InfectedFish,Augmented,salmon_dis_17,salmon_dis_17__motion_blur__kernel_7__angle_0deg.jpg,train,Included in Train (Parent in Train),train\InfectedFish\salmon_dis_17__motion_blur__kernel_7__angle_0deg.jpg
InfectedFish,Augmented,salmon_dis_17,salmon_dis_17__motion_blur__kernel_9__angle_90deg.jpg,train,Included in Train (Parent in Train),train\InfectedFish\salmon_dis_17__motion_blur__kernel_9__angle_90deg.jpg
InfectedFish,Augmented,salmon_dis_17,salmon_dis_17__rotation__angle_-10deg.jpg,train,Included in Train (Parent in Train),train\InfectedFish\salmon_dis_17__rotation__angle_-10deg.jpg
InfectedFish,Augmented,salmon_dis_17,salmon_dis_17__rotation__angle_10deg.jpg,train,Included in Train (Parent in Train),train\InfectedFish\salmon_dis_17__rotation__angle_10deg.jpg
InfectedFish,Augmented,salmon_dis_18,salmon_dis_18__brightness_reduction__factor_0p6.jpg,train,Included in Train (Parent in Train),train\InfectedFish\salmon_dis_18__brightness_reduction__factor_0p6.jpg
InfectedFish,Augmented,salmon_dis_18,salmon_dis_18__contrast_reduction__factor_0p7.jpg,train,Included in Train (Parent in Train),train\InfectedFish\salmon_dis_18__contrast_reduction__factor_0p7.jpg
InfectedFish,Augmented,salmon_dis_18,salmon_dis_18__gaussian_blur__sigma_2p2.jpg,train,Included in Train (Parent in Train),train\InfectedFish\salmon_dis_18__gaussian_blur__sigma_2p2.jpg
InfectedFish,Augmented,salmon_dis_18,salmon_dis_18__gaussian_noise__var_0p02.jpg,train,Included in Train (Parent in Train),train\InfectedFish\salmon_dis_18__gaussian_noise__var_0p02.jpg
InfectedFish,Augmented,salmon_dis_18,salmon_dis_18__mirror__axis_x.jpg,train,Included in Train (Parent in Train),train\InfectedFish\salmon_dis_18__mirror__axis_x.jpg
InfectedFish,Augmented,salmon_dis_18,salmon_dis_18__mirror__axis_y.jpg,train,Included in Train (Parent in Train),train\InfectedFish\salmon_dis_18__mirror__axis_y.jpg
InfectedFish,Augmented,salmon_dis_18,salmon_dis_18__motion_blur__kernel_11__angle_45deg.jpg,train,Included in Train (Parent in Train),train\InfectedFish\salmon_dis_18__motion_blur__kernel_11__angle_45deg.jpg
InfectedFish,Augmented,salmon_dis_18,salmon_dis_18__motion_blur__kernel_7__angle_0deg.jpg,train,Included in Train (Parent in Train),train\InfectedFish\salmon_dis_18__motion_blur__kernel_7__angle_0deg.jpg
InfectedFish,Augmented,salmon_dis_18,salmon_dis_18__motion_blur__kernel_9__angle_90deg.jpg,train,Included in Train (Parent in Train),train\InfectedFish\salmon_dis_18__motion_blur__kernel_9__angle_90deg.jpg
InfectedFish,Augmented,salmon_dis_18,salmon_dis_18__rotation__angle_-10deg.jpg,train,Included in Train (Parent in Train),train\InfectedFish\salmon_dis_18__rotation__angle_-10deg.jpg
InfectedFish,Augmented,salmon_dis_18,salmon_dis_18__rotation__angle_10deg.jpg,train,Included in Train (Parent in Train),train\InfectedFish\salmon_dis_18__rotation__angle_10deg.jpg
InfectedFish,Augmented,salmon_dis_19,salmon_dis_19__brightness_reduction__factor_0p6.jpg,train,Included in Train (Parent in Train),train\InfectedFish\salmon_dis_19__brightness_reduction__factor_0p6.jpg
InfectedFish,Augmented,salmon_dis_19,salmon_dis_19__contrast_reduction__factor_0p7.jpg,train,Included in Train (Parent in Train),train\InfectedFish\salmon_dis_19__contrast_reduction__factor_0p7.jpg
InfectedFish,Augmented,salmon_dis_19,salmon_dis_19__gaussian_blur__sigma_2p2.jpg,train,Included in Train (Parent in Train),train\InfectedFish\salmon_dis_19__gaussian_blur__sigma_2p2.jpg
InfectedFish,Augmented,salmon_dis_19,salmon_dis_19__gaussian_noise__var_0p02.jpg,train,Included in Train (Parent in Train),train\InfectedFish\salmon_dis_19__gaussian_noise__var_0p02.jpg
InfectedFish,Augmented,salmon_dis_19,salmon_dis_19__mirror__axis_x.jpg,train,Included in Train (Parent in Train),train\InfectedFish\salmon_dis_19__mirror__axis_x.jpg
InfectedFish,Augmented,salmon_dis_19,salmon_dis_19__mirror__axis_y.jpg,train,Included in Train (Parent in Train),train\InfectedFish\salmon_dis_19__mirror__axis_y.jpg
InfectedFish,Augmented,salmon_dis_19,salmon_dis_19__motion_blur__kernel_11__angle_45deg.jpg,train,Included in Train (Parent in Train),train\InfectedFish\salmon_dis_19__motion_blur__kernel_11__angle_45deg.jpg
InfectedFish,Augmented,salmon_dis_19,salmon_dis_19__motion_blur__kernel_7__angle_0deg.jpg,train,Included in Train (Parent in Train),train\InfectedFish\salmon_dis_19__motion_blur__kernel_7__angle_0deg.jpg
InfectedFish,Augmented,salmon_dis_19,salmon_dis_19__motion_blur__kernel_9__angle_90deg.jpg,train,Included in Train (Parent in Train),train\InfectedFish\salmon_dis_19__motion_blur__kernel_9__angle_90deg.jpg
InfectedFish,Augmented,salmon_dis_19,salmon_dis_19__rotation__angle_-10deg.jpg,train,Included in Train (Parent in Train),train\InfectedFish\salmon_dis_19__rotation__angle_-10deg.jpg
InfectedFish,Augmented,salmon_dis_19,salmon_dis_19__rotation__angle_10deg.jpg,train,Included in Train (Parent in Train),train\InfectedFish\salmon_dis_19__rotation__angle_10deg.jpg
InfectedFish,Augmented,salmon_dis_20,salmon_dis_20__brightness_reduction__factor_0p6.jpg,ignored,Ignored (Parent in Test),None
InfectedFish,Augmented,salmon_dis_20,salmon_dis_20__contrast_reduction__factor_0p7.jpg,ignored,Ignored (Parent in Test),None
InfectedFish,Augmented,salmon_dis_20,salmon_dis_20__gaussian_blur__sigma_2p2.jpg,ignored,Ignored (Parent in Test),None
InfectedFish,Augmented,salmon_dis_20,salmon_dis_20__gaussian_noise__var_0p02.jpg,ignored,Ignored (Parent in Test),None
InfectedFish,Augmented,salmon_dis_20,salmon_dis_20__mirror__axis_x.jpg,ignored,Ignored (Parent in Test),None
InfectedFish,Augmented,salmon_dis_20,salmon_dis_20__mirror__axis_y.jpg,ignored,Ignored (Parent in Test),None
InfectedFish,Augmented,salmon_dis_20,salmon_dis_20__motion_blur__kernel_11__angle_45deg.jpg,ignored,Ignored (Parent in Test),None
InfectedFish,Augmented,salmon_dis_20,salmon_dis_20__motion_blur__kernel_7__angle_0deg.jpg,ignored,Ignored (Parent in Test),None
InfectedFish,Augmented,salmon_dis_20,salmon_dis_20__motion_blur__kernel_9__angle_90deg.jpg,ignored,Ignored (Parent in Test),None
InfectedFish,Augmented,salmon_dis_20,salmon_dis_20__rotation__angle_-10deg.jpg,ignored,Ignored (Parent in Test),None
InfectedFish,Augmented,salmon_dis_20,salmon_dis_20__rotation__angle_10deg.jpg,ignored,Ignored (Parent in Test),None
InfectedFish,Augmented,salmon_dis_21,salmon_dis_21__brightness_reduction__factor_0p6.jpg,ignored,Ignored (Parent in Test),None
InfectedFish,Augmented,salmon_dis_21,salmon_dis_21__contrast_reduction__factor_0p7.jpg,ignored,Ignored (Parent in Test),None
InfectedFish,Augmented,salmon_dis_21,salmon_dis_21__gaussian_blur__sigma_2p2.jpg,ignored,Ignored (Parent in Test),None
InfectedFish,Augmented,salmon_dis_21,salmon_dis_21__gaussian_noise__var_0p02.jpg,ignored,Ignored (Parent in Test),None
InfectedFish,Augmented,salmon_dis_21,salmon_dis_21__mirror__axis_x.jpg,ignored,Ignored (Parent in Test),None
InfectedFish,Augmented,salmon_dis_21,salmon_dis_21__mirror__axis_y.jpg,ignored,Ignored (Parent in Test),None
InfectedFish,Augmented,salmon_dis_21,salmon_dis_21__motion_blur__kernel_11__angle_45deg.jpg,ignored,Ignored (Parent in Test),None
InfectedFish,Augmented,salmon_dis_21,salmon_dis_21__motion_blur__kernel_7__angle_0deg.jpg,ignored,Ignored (Parent in Test),None
InfectedFish,Augmented,salmon_dis_21,salmon_dis_21__motion_blur__kernel_9__angle_90deg.jpg,ignored,Ignored (Parent in Test),None
InfectedFish,Augmented,salmon_dis_21,salmon_dis_21__rotation__angle_-10deg.jpg,ignored,Ignored (Parent in Test),None
InfectedFish,Augmented,salmon_dis_21,salmon_dis_21__rotation__angle_10deg.jpg,ignored,Ignored (Parent in Test),None
InfectedFish,Augmented,salmon_dis_22,salmon_dis_22__brightness_reduction__factor_0p6.jpg,train,Included in Train (Parent in Train),train\InfectedFish\salmon_dis_22__brightness_reduction__factor_0p6.jpg
InfectedFish,Augmented,salmon_dis_22,salmon_dis_22__contrast_reduction__factor_0p7.jpg,train,Included in Train (Parent in Train),train\InfectedFish\salmon_dis_22__contrast_reduction__factor_0p7.jpg
InfectedFish,Augmented,salmon_dis_22,salmon_dis_22__gaussian_blur__sigma_2p2.jpg,train,Included in Train (Parent in Train),train\InfectedFish\salmon_dis_22__gaussian_blur__sigma_2p2.jpg
InfectedFish,Augmented,salmon_dis_22,salmon_dis_22__gaussian_noise__var_0p02.jpg,train,Included in Train (Parent in Train),train\InfectedFish\salmon_dis_22__gaussian_noise__var_0p02.jpg
InfectedFish,Augmented,salmon_dis_22,salmon_dis_22__mirror__axis_x.jpg,train,Included in Train (Parent in Train),train\InfectedFish\salmon_dis_22__mirror__axis_x.jpg
InfectedFish,Augmented,salmon_dis_22,salmon_dis_22__mirror__axis_y.jpg,train,Included in Train (Parent in Train),train\InfectedFish\salmon_dis_22__mirror__axis_y.jpg
InfectedFish,Augmented,salmon_dis_22,salmon_dis_22__motion_blur__kernel_11__angle_45deg.jpg,train,Included in Train (Parent in Train),train\InfectedFish\salmon_dis_22__motion_blur__kernel_11__angle_45deg.jpg
InfectedFish,Augmented,salmon_dis_22,salmon_dis_22__motion_blur__kernel_7__angle_0deg.jpg,train,Included in Train (Parent in Train),train\InfectedFish\salmon_dis_22__motion_blur__kernel_7__angle_0deg.jpg
InfectedFish,Augmented,salmon_dis_22,salmon_dis_22__motion_blur__kernel_9__angle_90deg.jpg,train,Included in Train (Parent in Train),train\InfectedFish\salmon_dis_22__motion_blur__kernel_9__angle_90deg.jpg
InfectedFish,Augmented,salmon_dis_22,salmon_dis_22__rotation__angle_-10deg.jpg,train,Included in Train (Parent in Train),train\InfectedFish\salmon_dis_22__rotation__angle_-10deg.jpg
InfectedFish,Augmented,salmon_dis_22,salmon_dis_22__rotation__angle_10deg.jpg,train,Included in Train (Parent in Train),train\InfectedFish\salmon_dis_22__rotation__angle_10deg.jpg
InfectedFish,Augmented,salmon_dis_23,salmon_dis_23__brightness_reduction__factor_0p6.jpg,train,Included in Train (Parent in Train),train\InfectedFish\salmon_dis_23__brightness_reduction__factor_0p6.jpg
InfectedFish,Augmented,salmon_dis_23,salmon_dis_23__contrast_reduction__factor_0p7.jpg,train,Included in Train (Parent in Train),train\InfectedFish\salmon_dis_23__contrast_reduction__factor_0p7.jpg
InfectedFish,Augmented,salmon_dis_23,salmon_dis_23__gaussian_blur__sigma_2p2.jpg,train,Included in Train (Parent in Train),train\InfectedFish\salmon_dis_23__gaussian_blur__sigma_2p2.jpg
InfectedFish,Augmented,salmon_dis_23,salmon_dis_23__gaussian_noise__var_0p02.jpg,train,Included in Train (Parent in Train),train\InfectedFish\salmon_dis_23__gaussian_noise__var_0p02.jpg
InfectedFish,Augmented,salmon_dis_23,salmon_dis_23__mirror__axis_x.jpg,train,Included in Train (Parent in Train),train\InfectedFish\salmon_dis_23__mirror__axis_x.jpg
InfectedFish,Augmented,salmon_dis_23,salmon_dis_23__mirror__axis_y.jpg,train,Included in Train (Parent in Train),train\InfectedFish\salmon_dis_23__mirror__axis_y.jpg
InfectedFish,Augmented,salmon_dis_23,salmon_dis_23__motion_blur__kernel_11__angle_45deg.jpg,train,Included in Train (Parent in Train),train\InfectedFish\salmon_dis_23__motion_blur__kernel_11__angle_45deg.jpg
InfectedFish,Augmented,salmon_dis_23,salmon_dis_23__motion_blur__kernel_7__angle_0deg.jpg,train,Included in Train (Parent in Train),train\InfectedFish\salmon_dis_23__motion_blur__kernel_7__angle_0deg.jpg
InfectedFish,Augmented,salmon_dis_23,salmon_dis_23__motion_blur__kernel_9__angle_90deg.jpg,train,Included in Train (Parent in Train),train\InfectedFish\salmon_dis_23__motion_blur__kernel_9__angle_90deg.jpg
InfectedFish,Augmented,salmon_dis_23,salmon_dis_23__rotation__angle_-10deg.jpg,train,Included in Train (Parent in Train),train\InfectedFish\salmon_dis_23__rotation__angle_-10deg.jpg
InfectedFish,Augmented,salmon_dis_23,salmon_dis_23__rotation__angle_10deg.jpg,train,Included in Train (Parent in Train),train\InfectedFish\salmon_dis_23__rotation__angle_10deg.jpg
InfectedFish,Augmented,salmon_dis_24,salmon_dis_24__brightness_reduction__factor_0p6.jpg,train,Included in Train (Parent in Train),train\InfectedFish\salmon_dis_24__brightness_reduction__factor_0p6.jpg
InfectedFish,Augmented,salmon_dis_24,salmon_dis_24__contrast_reduction__factor_0p7.jpg,train,Included in Train (Parent in Train),train\InfectedFish\salmon_dis_24__contrast_reduction__factor_0p7.jpg
InfectedFish,Augmented,salmon_dis_24,salmon_dis_24__gaussian_blur__sigma_2p2.jpg,train,Included in Train (Parent in Train),train\InfectedFish\salmon_dis_24__gaussian_blur__sigma_2p2.jpg
InfectedFish,Augmented,salmon_dis_24,salmon_dis_24__gaussian_noise__var_0p02.jpg,train,Included in Train (Parent in Train),train\InfectedFish\salmon_dis_24__gaussian_noise__var_0p02.jpg
InfectedFish,Augmented,salmon_dis_24,salmon_dis_24__mirror__axis_x.jpg,train,Included in Train (Parent in Train),train\InfectedFish\salmon_dis_24__mirror__axis_x.jpg
InfectedFish,Augmented,salmon_dis_24,salmon_dis_24__mirror__axis_y.jpg,train,Included in Train (Parent in Train),train\InfectedFish\salmon_dis_24__mirror__axis_y.jpg
InfectedFish,Augmented,salmon_dis_24,salmon_dis_24__motion_blur__kernel_11__angle_45deg.jpg,train,Included in Train (Parent in Train),train\InfectedFish\salmon_dis_24__motion_blur__kernel_11__angle_45deg.jpg
InfectedFish,Augmented,salmon_dis_24,salmon_dis_24__motion_blur__kernel_7__angle_0deg.jpg,train,Included in Train (Parent in Train),train\InfectedFish\salmon_dis_24__motion_blur__kernel_7__angle_0deg.jpg
InfectedFish,Augmented,salmon_dis_24,salmon_dis_24__motion_blur__kernel_9__angle_90deg.jpg,train,Included in Train (Parent in Train),train\InfectedFish\salmon_dis_24__motion_blur__kernel_9__angle_90deg.jpg
InfectedFish,Augmented,salmon_dis_24,salmon_dis_24__rotation__angle_-10deg.jpg,train,Included in Train (Parent in Train),train\InfectedFish\salmon_dis_24__rotation__angle_-10deg.jpg
InfectedFish,Augmented,salmon_dis_24,salmon_dis_24__rotation__angle_10deg.jpg,train,Included in Train (Parent in Train),train\InfectedFish\salmon_dis_24__rotation__angle_10deg.jpg
InfectedFish,Augmented,salmon_dis_25,salmon_dis_25__brightness_reduction__factor_0p6.jpg,train,Included in Train (Parent in Train),train\InfectedFish\salmon_dis_25__brightness_reduction__factor_0p6.jpg
InfectedFish,Augmented,salmon_dis_25,salmon_dis_25__contrast_reduction__factor_0p7.jpg,train,Included in Train (Parent in Train),train\InfectedFish\salmon_dis_25__contrast_reduction__factor_0p7.jpg
InfectedFish,Augmented,salmon_dis_25,salmon_dis_25__gaussian_blur__sigma_2p2.jpg,train,Included in Train (Parent in Train),train\InfectedFish\salmon_dis_25__gaussian_blur__sigma_2p2.jpg
InfectedFish,Augmented,salmon_dis_25,salmon_dis_25__gaussian_noise__var_0p02.jpg,train,Included in Train (Parent in Train),train\InfectedFish\salmon_dis_25__gaussian_noise__var_0p02.jpg
InfectedFish,Augmented,salmon_dis_25,salmon_dis_25__mirror__axis_x.jpg,train,Included in Train (Parent in Train),train\InfectedFish\salmon_dis_25__mirror__axis_x.jpg
InfectedFish,Augmented,salmon_dis_25,salmon_dis_25__mirror__axis_y.jpg,train,Included in Train (Parent in Train),train\InfectedFish\salmon_dis_25__mirror__axis_y.jpg
InfectedFish,Augmented,salmon_dis_25,salmon_dis_25__motion_blur__kernel_11__angle_45deg.jpg,train,Included in Train (Parent in Train),train\InfectedFish\salmon_dis_25__motion_blur__kernel_11__angle_45deg.jpg
InfectedFish,Augmented,salmon_dis_25,salmon_dis_25__motion_blur__kernel_7__angle_0deg.jpg,train,Included in Train (Parent in Train),train\InfectedFish\salmon_dis_25__motion_blur__kernel_7__angle_0deg.jpg
InfectedFish,Augmented,salmon_dis_25,salmon_dis_25__motion_blur__kernel_9__angle_90deg.jpg,train,Included in Train (Parent in Train),train\InfectedFish\salmon_dis_25__motion_blur__kernel_9__angle_90deg.jpg
InfectedFish,Augmented,salmon_dis_25,salmon_dis_25__rotation__angle_-10deg.jpg,train,Included in Train (Parent in Train),train\InfectedFish\salmon_dis_25__rotation__angle_-10deg.jpg
InfectedFish,Augmented,salmon_dis_25,salmon_dis_25__rotation__angle_10deg.jpg,train,Included in Train (Parent in Train),train\InfectedFish\salmon_dis_25__rotation__angle_10deg.jpg
InfectedFish,Augmented,salmon_dis_26,salmon_dis_26__brightness_reduction__factor_0p6.jpg,train,Included in Train (Parent in Train),train\InfectedFish\salmon_dis_26__brightness_reduction__factor_0p6.jpg
InfectedFish,Augmented,salmon_dis_26,salmon_dis_26__contrast_reduction__factor_0p7.jpg,train,Included in Train (Parent in Train),train\InfectedFish\salmon_dis_26__contrast_reduction__factor_0p7.jpg
InfectedFish,Augmented,salmon_dis_26,salmon_dis_26__gaussian_blur__sigma_2p2.jpg,train,Included in Train (Parent in Train),train\InfectedFish\salmon_dis_26__gaussian_blur__sigma_2p2.jpg
InfectedFish,Augmented,salmon_dis_26,salmon_dis_26__gaussian_noise__var_0p02.jpg,train,Included in Train (Parent in Train),train\InfectedFish\salmon_dis_26__gaussian_noise__var_0p02.jpg
InfectedFish,Augmented,salmon_dis_26,salmon_dis_26__mirror__axis_x.jpg,train,Included in Train (Parent in Train),train\InfectedFish\salmon_dis_26__mirror__axis_x.jpg
InfectedFish,Augmented,salmon_dis_26,salmon_dis_26__mirror__axis_y.jpg,train,Included in Train (Parent in Train),train\InfectedFish\salmon_dis_26__mirror__axis_y.jpg
InfectedFish,Augmented,salmon_dis_26,salmon_dis_26__motion_blur__kernel_11__angle_45deg.jpg,train,Included in Train (Parent in Train),train\InfectedFish\salmon_dis_26__motion_blur__kernel_11__angle_45deg.jpg
InfectedFish,Augmented,salmon_dis_26,salmon_dis_26__motion_blur__kernel_7__angle_0deg.jpg,train,Included in Train (Parent in Train),train\InfectedFish\salmon_dis_26__motion_blur__kernel_7__angle_0deg.jpg
InfectedFish,Augmented,salmon_dis_26,salmon_dis_26__motion_blur__kernel_9__angle_90deg.jpg,train,Included in Train (Parent in Train),train\InfectedFish\salmon_dis_26__motion_blur__kernel_9__angle_90deg.jpg
InfectedFish,Augmented,salmon_dis_26,salmon_dis_26__rotation__angle_-10deg.jpg,train,Included in Train (Parent in Train),train\InfectedFish\salmon_dis_26__rotation__angle_-10deg.jpg
InfectedFish,Augmented,salmon_dis_26,salmon_dis_26__rotation__angle_10deg.jpg,train,Included in Train (Parent in Train),train\InfectedFish\salmon_dis_26__rotation__angle_10deg.jpg
InfectedFish,Augmented,salmon_dis_27,salmon_dis_27__brightness_reduction__factor_0p6.jpg,train,Included in Train (Parent in Train),train\InfectedFish\salmon_dis_27__brightness_reduction__factor_0p6.jpg
InfectedFish,Augmented,salmon_dis_27,salmon_dis_27__contrast_reduction__factor_0p7.jpg,train,Included in Train (Parent in Train),train\InfectedFish\salmon_dis_27__contrast_reduction__factor_0p7.jpg
InfectedFish,Augmented,salmon_dis_27,salmon_dis_27__gaussian_blur__sigma_2p2.jpg,train,Included in Train (Parent in Train),train\InfectedFish\salmon_dis_27__gaussian_blur__sigma_2p2.jpg
InfectedFish,Augmented,salmon_dis_27,salmon_dis_27__gaussian_noise__var_0p02.jpg,train,Included in Train (Parent in Train),train\InfectedFish\salmon_dis_27__gaussian_noise__var_0p02.jpg
InfectedFish,Augmented,salmon_dis_27,salmon_dis_27__mirror__axis_x.jpg,train,Included in Train (Parent in Train),train\InfectedFish\salmon_dis_27__mirror__axis_x.jpg
InfectedFish,Augmented,salmon_dis_27,salmon_dis_27__mirror__axis_y.jpg,train,Included in Train (Parent in Train),train\InfectedFish\salmon_dis_27__mirror__axis_y.jpg
InfectedFish,Augmented,salmon_dis_27,salmon_dis_27__motion_blur__kernel_11__angle_45deg.jpg,train,Included in Train (Parent in Train),train\InfectedFish\salmon_dis_27__motion_blur__kernel_11__angle_45deg.jpg
InfectedFish,Augmented,salmon_dis_27,salmon_dis_27__motion_blur__kernel_7__angle_0deg.jpg,train,Included in Train (Parent in Train),train\InfectedFish\salmon_dis_27__motion_blur__kernel_7__angle_0deg.jpg
InfectedFish,Augmented,salmon_dis_27,salmon_dis_27__motion_blur__kernel_9__angle_90deg.jpg,train,Included in Train (Parent in Train),train\InfectedFish\salmon_dis_27__motion_blur__kernel_9__angle_90deg.jpg
InfectedFish,Augmented,salmon_dis_27,salmon_dis_27__rotation__angle_-10deg.jpg,train,Included in Train (Parent in Train),train\InfectedFish\salmon_dis_27__rotation__angle_-10deg.jpg
InfectedFish,Augmented,salmon_dis_27,salmon_dis_27__rotation__angle_10deg.jpg,train,Included in Train (Parent in Train),train\InfectedFish\salmon_dis_27__rotation__angle_10deg.jpg
InfectedFish,Augmented,salmon_dis_28,salmon_dis_28__brightness_reduction__factor_0p6.jpg,ignored,Ignored (Parent in Test),None
InfectedFish,Augmented,salmon_dis_28,salmon_dis_28__contrast_reduction__factor_0p7.jpg,ignored,Ignored (Parent in Test),None
InfectedFish,Augmented,salmon_dis_28,salmon_dis_28__gaussian_blur__sigma_2p2.jpg,ignored,Ignored (Parent in Test),None
InfectedFish,Augmented,salmon_dis_28,salmon_dis_28__gaussian_noise__var_0p02.jpg,ignored,Ignored (Parent in Test),None
InfectedFish,Augmented,salmon_dis_28,salmon_dis_28__mirror__axis_x.jpg,ignored,Ignored (Parent in Test),None
InfectedFish,Augmented,salmon_dis_28,salmon_dis_28__mirror__axis_y.jpg,ignored,Ignored (Parent in Test),None
InfectedFish,Augmented,salmon_dis_28,salmon_dis_28__motion_blur__kernel_11__angle_45deg.jpg,ignored,Ignored (Parent in Test),None
InfectedFish,Augmented,salmon_dis_28,salmon_dis_28__motion_blur__kernel_7__angle_0deg.jpg,ignored,Ignored (Parent in Test),None
InfectedFish,Augmented,salmon_dis_28,salmon_dis_28__motion_blur__kernel_9__angle_90deg.jpg,ignored,Ignored (Parent in Test),None
InfectedFish,Augmented,salmon_dis_28,salmon_dis_28__rotation__angle_-10deg.jpg,ignored,Ignored (Parent in Test),None
InfectedFish,Augmented,salmon_dis_28,salmon_dis_28__rotation__angle_10deg.jpg,ignored,Ignored (Parent in Test),None
InfectedFish,Augmented,salmon_dis_29,salmon_dis_29__brightness_reduction__factor_0p6.jpg,ignored,Ignored (Parent in Test),None
InfectedFish,Augmented,salmon_dis_29,salmon_dis_29__contrast_reduction__factor_0p7.jpg,ignored,Ignored (Parent in Test),None
InfectedFish,Augmented,salmon_dis_29,salmon_dis_29__gaussian_blur__sigma_2p2.jpg,ignored,Ignored (Parent in Test),None
InfectedFish,Augmented,salmon_dis_29,salmon_dis_29__gaussian_noise__var_0p02.jpg,ignored,Ignored (Parent in Test),None
InfectedFish,Augmented,salmon_dis_29,salmon_dis_29__mirror__axis_x.jpg,ignored,Ignored (Parent in Test),None
InfectedFish,Augmented,salmon_dis_29,salmon_dis_29__mirror__axis_y.jpg,ignored,Ignored (Parent in Test),None
InfectedFish,Augmented,salmon_dis_29,salmon_dis_29__motion_blur__kernel_11__angle_45deg.jpg,ignored,Ignored (Parent in Test),None
InfectedFish,Augmented,salmon_dis_29,salmon_dis_29__motion_blur__kernel_7__angle_0deg.jpg,ignored,Ignored (Parent in Test),None
InfectedFish,Augmented,salmon_dis_29,salmon_dis_29__motion_blur__kernel_9__angle_90deg.jpg,ignored,Ignored (Parent in Test),None
InfectedFish,Augmented,salmon_dis_29,salmon_dis_29__rotation__angle_-10deg.jpg,ignored,Ignored (Parent in Test),None
InfectedFish,Augmented,salmon_dis_29,salmon_dis_29__rotation__angle_10deg.jpg,ignored,Ignored (Parent in Test),None
InfectedFish,Augmented,salmon_dis_30,salmon_dis_30__brightness_reduction__factor_0p6.jpg,train,Included in Train (Parent in Train),train\InfectedFish\salmon_dis_30__brightness_reduction__factor_0p6.jpg
InfectedFish,Augmented,salmon_dis_30,salmon_dis_30__contrast_reduction__factor_0p7.jpg,train,Included in Train (Parent in Train),train\InfectedFish\salmon_dis_30__contrast_reduction__factor_0p7.jpg
InfectedFish,Augmented,salmon_dis_30,salmon_dis_30__gaussian_blur__sigma_2p2.jpg,train,Included in Train (Parent in Train),train\InfectedFish\salmon_dis_30__gaussian_blur__sigma_2p2.jpg
InfectedFish,Augmented,salmon_dis_30,salmon_dis_30__gaussian_noise__var_0p02.jpg,train,Included in Train (Parent in Train),train\InfectedFish\salmon_dis_30__gaussian_noise__var_0p02.jpg
InfectedFish,Augmented,salmon_dis_30,salmon_dis_30__mirror__axis_x.jpg,train,Included in Train (Parent in Train),train\InfectedFish\salmon_dis_30__mirror__axis_x.jpg
InfectedFish,Augmented,salmon_dis_30,salmon_dis_30__mirror__axis_y.jpg,train,Included in Train (Parent in Train),train\InfectedFish\salmon_dis_30__mirror__axis_y.jpg
InfectedFish,Augmented,salmon_dis_30,salmon_dis_30__motion_blur__kernel_11__angle_45deg.jpg,train,Included in Train (Parent in Train),train\InfectedFish\salmon_dis_30__motion_blur__kernel_11__angle_45deg.jpg
InfectedFish,Augmented,salmon_dis_30,salmon_dis_30__motion_blur__kernel_7__angle_0deg.jpg,train,Included in Train (Parent in Train),train\InfectedFish\salmon_dis_30__motion_blur__kernel_7__angle_0deg.jpg
InfectedFish,Augmented,salmon_dis_30,salmon_dis_30__motion_blur__kernel_9__angle_90deg.jpg,train,Included in Train (Parent in Train),train\InfectedFish\salmon_dis_30__motion_blur__kernel_9__angle_90deg.jpg
InfectedFish,Augmented,salmon_dis_30,salmon_dis_30__rotation__angle_-10deg.jpg,train,Included in Train (Parent in Train),train\InfectedFish\salmon_dis_30__rotation__angle_-10deg.jpg
InfectedFish,Augmented,salmon_dis_30,salmon_dis_30__rotation__angle_10deg.jpg,train,Included in Train (Parent in Train),train\InfectedFish\salmon_dis_30__rotation__angle_10deg.jpg
InfectedFish,Augmented,salmon_dis_31,salmon_dis_31__brightness_reduction__factor_0p6.jpg,train,Included in Train (Parent in Train),train\InfectedFish\salmon_dis_31__brightness_reduction__factor_0p6.jpg
InfectedFish,Augmented,salmon_dis_31,salmon_dis_31__contrast_reduction__factor_0p7.jpg,train,Included in Train (Parent in Train),train\InfectedFish\salmon_dis_31__contrast_reduction__factor_0p7.jpg
InfectedFish,Augmented,salmon_dis_31,salmon_dis_31__gaussian_blur__sigma_2p2.jpg,train,Included in Train (Parent in Train),train\InfectedFish\salmon_dis_31__gaussian_blur__sigma_2p2.jpg
InfectedFish,Augmented,salmon_dis_31,salmon_dis_31__gaussian_noise__var_0p02.jpg,train,Included in Train (Parent in Train),train\InfectedFish\salmon_dis_31__gaussian_noise__var_0p02.jpg
InfectedFish,Augmented,salmon_dis_31,salmon_dis_31__mirror__axis_x.jpg,train,Included in Train (Parent in Train),train\InfectedFish\salmon_dis_31__mirror__axis_x.jpg
InfectedFish,Augmented,salmon_dis_31,salmon_dis_31__mirror__axis_y.jpg,train,Included in Train (Parent in Train),train\InfectedFish\salmon_dis_31__mirror__axis_y.jpg
InfectedFish,Augmented,salmon_dis_31,salmon_dis_31__motion_blur__kernel_11__angle_45deg.jpg,train,Included in Train (Parent in Train),train\InfectedFish\salmon_dis_31__motion_blur__kernel_11__angle_45deg.jpg
InfectedFish,Augmented,salmon_dis_31,salmon_dis_31__motion_blur__kernel_7__angle_0deg.jpg,train,Included in Train (Parent in Train),train\InfectedFish\salmon_dis_31__motion_blur__kernel_7__angle_0deg.jpg
InfectedFish,Augmented,salmon_dis_31,salmon_dis_31__motion_blur__kernel_9__angle_90deg.jpg,train,Included in Train (Parent in Train),train\InfectedFish\salmon_dis_31__motion_blur__kernel_9__angle_90deg.jpg
InfectedFish,Augmented,salmon_dis_31,salmon_dis_31__rotation__angle_-10deg.jpg,train,Included in Train (Parent in Train),train\InfectedFish\salmon_dis_31__rotation__angle_-10deg.jpg
InfectedFish,Augmented,salmon_dis_31,salmon_dis_31__rotation__angle_10deg.jpg,train,Included in Train (Parent in Train),train\InfectedFish\salmon_dis_31__rotation__angle_10deg.jpg
InfectedFish,Augmented,salmon_dis_32,salmon_dis_32__brightness_reduction__factor_0p6.jpg,train,Included in Train (Parent in Train),train\InfectedFish\salmon_dis_32__brightness_reduction__factor_0p6.jpg
InfectedFish,Augmented,salmon_dis_32,salmon_dis_32__contrast_reduction__factor_0p7.jpg,train,Included in Train (Parent in Train),train\InfectedFish\salmon_dis_32__contrast_reduction__factor_0p7.jpg
InfectedFish,Augmented,salmon_dis_32,salmon_dis_32__gaussian_blur__sigma_2p2.jpg,train,Included in Train (Parent in Train),train\InfectedFish\salmon_dis_32__gaussian_blur__sigma_2p2.jpg
InfectedFish,Augmented,salmon_dis_32,salmon_dis_32__gaussian_noise__var_0p02.jpg,train,Included in Train (Parent in Train),train\InfectedFish\salmon_dis_32__gaussian_noise__var_0p02.jpg
InfectedFish,Augmented,salmon_dis_32,salmon_dis_32__mirror__axis_x.jpg,train,Included in Train (Parent in Train),train\InfectedFish\salmon_dis_32__mirror__axis_x.jpg
InfectedFish,Augmented,salmon_dis_32,salmon_dis_32__mirror__axis_y.jpg,train,Included in Train (Parent in Train),train\InfectedFish\salmon_dis_32__mirror__axis_y.jpg
InfectedFish,Augmented,salmon_dis_32,salmon_dis_32__motion_blur__kernel_11__angle_45deg.jpg,train,Included in Train (Parent in Train),train\InfectedFish\salmon_dis_32__motion_blur__kernel_11__angle_45deg.jpg
InfectedFish,Augmented,salmon_dis_32,salmon_dis_32__motion_blur__kernel_7__angle_0deg.jpg,train,Included in Train (Parent in Train),train\InfectedFish\salmon_dis_32__motion_blur__kernel_7__angle_0deg.jpg
InfectedFish,Augmented,salmon_dis_32,salmon_dis_32__motion_blur__kernel_9__angle_90deg.jpg,train,Included in Train (Parent in Train),train\InfectedFish\salmon_dis_32__motion_blur__kernel_9__angle_90deg.jpg
InfectedFish,Augmented,salmon_dis_32,salmon_dis_32__rotation__angle_-10deg.jpg,train,Included in Train (Parent in Train),train\InfectedFish\salmon_dis_32__rotation__angle_-10deg.jpg
InfectedFish,Augmented,salmon_dis_32,salmon_dis_32__rotation__angle_10deg.jpg,train,Included in Train (Parent in Train),train\InfectedFish\salmon_dis_32__rotation__angle_10deg.jpg
InfectedFish,Augmented,salmon_dis_33,salmon_dis_33__brightness_reduction__factor_0p6.jpg,train,Included in Train (Parent in Train),train\InfectedFish\salmon_dis_33__brightness_reduction__factor_0p6.jpg
InfectedFish,Augmented,salmon_dis_33,salmon_dis_33__contrast_reduction__factor_0p7.jpg,train,Included in Train (Parent in Train),train\InfectedFish\salmon_dis_33__contrast_reduction__factor_0p7.jpg
InfectedFish,Augmented,salmon_dis_33,salmon_dis_33__gaussian_blur__sigma_2p2.jpg,train,Included in Train (Parent in Train),train\InfectedFish\salmon_dis_33__gaussian_blur__sigma_2p2.jpg
InfectedFish,Augmented,salmon_dis_33,salmon_dis_33__gaussian_noise__var_0p02.jpg,train,Included in Train (Parent in Train),train\InfectedFish\salmon_dis_33__gaussian_noise__var_0p02.jpg
InfectedFish,Augmented,salmon_dis_33,salmon_dis_33__mirror__axis_x.jpg,train,Included in Train (Parent in Train),train\InfectedFish\salmon_dis_33__mirror__axis_x.jpg
InfectedFish,Augmented,salmon_dis_33,salmon_dis_33__mirror__axis_y.jpg,train,Included in Train (Parent in Train),train\InfectedFish\salmon_dis_33__mirror__axis_y.jpg
InfectedFish,Augmented,salmon_dis_33,salmon_dis_33__motion_blur__kernel_11__angle_45deg.jpg,train,Included in Train (Parent in Train),train\InfectedFish\salmon_dis_33__motion_blur__kernel_11__angle_45deg.jpg
InfectedFish,Augmented,salmon_dis_33,salmon_dis_33__motion_blur__kernel_7__angle_0deg.jpg,train,Included in Train (Parent in Train),train\InfectedFish\salmon_dis_33__motion_blur__kernel_7__angle_0deg.jpg
InfectedFish,Augmented,salmon_dis_33,salmon_dis_33__motion_blur__kernel_9__angle_90deg.jpg,train,Included in Train (Parent in Train),train\InfectedFish\salmon_dis_33__motion_blur__kernel_9__angle_90deg.jpg
InfectedFish,Augmented,salmon_dis_33,salmon_dis_33__rotation__angle_-10deg.jpg,train,Included in Train (Parent in Train),train\InfectedFish\salmon_dis_33__rotation__angle_-10deg.jpg
InfectedFish,Augmented,salmon_dis_33,salmon_dis_33__rotation__angle_10deg.jpg,train,Included in Train (Parent in Train),train\InfectedFish\salmon_dis_33__rotation__angle_10deg.jpg
InfectedFish,Augmented,salmon_dis_34,salmon_dis_34__brightness_reduction__factor_0p6.jpg,train,Included in Train (Parent in Train),train\InfectedFish\salmon_dis_34__brightness_reduction__factor_0p6.jpg
InfectedFish,Augmented,salmon_dis_34,salmon_dis_34__contrast_reduction__factor_0p7.jpg,train,Included in Train (Parent in Train),train\InfectedFish\salmon_dis_34__contrast_reduction__factor_0p7.jpg
InfectedFish,Augmented,salmon_dis_34,salmon_dis_34__gaussian_blur__sigma_2p2.jpg,train,Included in Train (Parent in Train),train\InfectedFish\salmon_dis_34__gaussian_blur__sigma_2p2.jpg
InfectedFish,Augmented,salmon_dis_34,salmon_dis_34__gaussian_noise__var_0p02.jpg,train,Included in Train (Parent in Train),train\InfectedFish\salmon_dis_34__gaussian_noise__var_0p02.jpg
InfectedFish,Augmented,salmon_dis_34,salmon_dis_34__mirror__axis_x.jpg,train,Included in Train (Parent in Train),train\InfectedFish\salmon_dis_34__mirror__axis_x.jpg
InfectedFish,Augmented,salmon_dis_34,salmon_dis_34__mirror__axis_y.jpg,train,Included in Train (Parent in Train),train\InfectedFish\salmon_dis_34__mirror__axis_y.jpg
InfectedFish,Augmented,salmon_dis_34,salmon_dis_34__motion_blur__kernel_11__angle_45deg.jpg,train,Included in Train (Parent in Train),train\InfectedFish\salmon_dis_34__motion_blur__kernel_11__angle_45deg.jpg
InfectedFish,Augmented,salmon_dis_34,salmon_dis_34__motion_blur__kernel_7__angle_0deg.jpg,train,Included in Train (Parent in Train),train\InfectedFish\salmon_dis_34__motion_blur__kernel_7__angle_0deg.jpg
InfectedFish,Augmented,salmon_dis_34,salmon_dis_34__motion_blur__kernel_9__angle_90deg.jpg,train,Included in Train (Parent in Train),train\InfectedFish\salmon_dis_34__motion_blur__kernel_9__angle_90deg.jpg
InfectedFish,Augmented,salmon_dis_34,salmon_dis_34__rotation__angle_-10deg.jpg,train,Included in Train (Parent in Train),train\InfectedFish\salmon_dis_34__rotation__angle_-10deg.jpg
InfectedFish,Augmented,salmon_dis_34,salmon_dis_34__rotation__angle_10deg.jpg,train,Included in Train (Parent in Train),train\InfectedFish\salmon_dis_34__rotation__angle_10deg.jpg
InfectedFish,Augmented,salmon_dis_35,salmon_dis_35__brightness_reduction__factor_0p6.jpg,train,Included in Train (Parent in Train),train\InfectedFish\salmon_dis_35__brightness_reduction__factor_0p6.jpg
InfectedFish,Augmented,salmon_dis_35,salmon_dis_35__contrast_reduction__factor_0p7.jpg,train,Included in Train (Parent in Train),train\InfectedFish\salmon_dis_35__contrast_reduction__factor_0p7.jpg
InfectedFish,Augmented,salmon_dis_35,salmon_dis_35__gaussian_blur__sigma_2p2.jpg,train,Included in Train (Parent in Train),train\InfectedFish\salmon_dis_35__gaussian_blur__sigma_2p2.jpg
InfectedFish,Augmented,salmon_dis_35,salmon_dis_35__gaussian_noise__var_0p02.jpg,train,Included in Train (Parent in Train),train\InfectedFish\salmon_dis_35__gaussian_noise__var_0p02.jpg
InfectedFish,Augmented,salmon_dis_35,salmon_dis_35__mirror__axis_x.jpg,train,Included in Train (Parent in Train),train\InfectedFish\salmon_dis_35__mirror__axis_x.jpg
InfectedFish,Augmented,salmon_dis_35,salmon_dis_35__mirror__axis_y.jpg,train,Included in Train (Parent in Train),train\InfectedFish\salmon_dis_35__mirror__axis_y.jpg
InfectedFish,Augmented,salmon_dis_35,salmon_dis_35__motion_blur__kernel_11__angle_45deg.jpg,train,Included in Train (Parent in Train),train\InfectedFish\salmon_dis_35__motion_blur__kernel_11__angle_45deg.jpg
InfectedFish,Augmented,salmon_dis_35,salmon_dis_35__motion_blur__kernel_7__angle_0deg.jpg,train,Included in Train (Parent in Train),train\InfectedFish\salmon_dis_35__motion_blur__kernel_7__angle_0deg.jpg
InfectedFish,Augmented,salmon_dis_35,salmon_dis_35__motion_blur__kernel_9__angle_90deg.jpg,train,Included in Train (Parent in Train),train\InfectedFish\salmon_dis_35__motion_blur__kernel_9__angle_90deg.jpg
InfectedFish,Augmented,salmon_dis_35,salmon_dis_35__rotation__angle_-10deg.jpg,train,Included in Train (Parent in Train),train\InfectedFish\salmon_dis_35__rotation__angle_-10deg.jpg
InfectedFish,Augmented,salmon_dis_35,salmon_dis_35__rotation__angle_10deg.jpg,train,Included in Train (Parent in Train),train\InfectedFish\salmon_dis_35__rotation__angle_10deg.jpg
InfectedFish,Augmented,salmon_dis_36,salmon_dis_36__brightness_reduction__factor_0p6.jpg,ignored,Ignored (Parent in Test),None
InfectedFish,Augmented,salmon_dis_36,salmon_dis_36__contrast_reduction__factor_0p7.jpg,ignored,Ignored (Parent in Test),None
InfectedFish,Augmented,salmon_dis_36,salmon_dis_36__gaussian_blur__sigma_2p2.jpg,ignored,Ignored (Parent in Test),None
InfectedFish,Augmented,salmon_dis_36,salmon_dis_36__gaussian_noise__var_0p02.jpg,ignored,Ignored (Parent in Test),None
InfectedFish,Augmented,salmon_dis_36,salmon_dis_36__mirror__axis_x.jpg,ignored,Ignored (Parent in Test),None
InfectedFish,Augmented,salmon_dis_36,salmon_dis_36__mirror__axis_y.jpg,ignored,Ignored (Parent in Test),None
InfectedFish,Augmented,salmon_dis_36,salmon_dis_36__motion_blur__kernel_11__angle_45deg.jpg,ignored,Ignored (Parent in Test),None
InfectedFish,Augmented,salmon_dis_36,salmon_dis_36__motion_blur__kernel_7__angle_0deg.jpg,ignored,Ignored (Parent in Test),None
InfectedFish,Augmented,salmon_dis_36,salmon_dis_36__motion_blur__kernel_9__angle_90deg.jpg,ignored,Ignored (Parent in Test),None
InfectedFish,Augmented,salmon_dis_36,salmon_dis_36__rotation__angle_-10deg.jpg,ignored,Ignored (Parent in Test),None
InfectedFish,Augmented,salmon_dis_36,salmon_dis_36__rotation__angle_10deg.jpg,ignored,Ignored (Parent in Test),None
InfectedFish,Augmented,salmon_dis_37,salmon_dis_37__brightness_reduction__factor_0p6.jpg,train,Included in Train (Parent in Train),train\InfectedFish\salmon_dis_37__brightness_reduction__factor_0p6.jpg
InfectedFish,Augmented,salmon_dis_37,salmon_dis_37__contrast_reduction__factor_0p7.jpg,train,Included in Train (Parent in Train),train\InfectedFish\salmon_dis_37__contrast_reduction__factor_0p7.jpg
InfectedFish,Augmented,salmon_dis_37,salmon_dis_37__gaussian_blur__sigma_2p2.jpg,train,Included in Train (Parent in Train),train\InfectedFish\salmon_dis_37__gaussian_blur__sigma_2p2.jpg
InfectedFish,Augmented,salmon_dis_37,salmon_dis_37__gaussian_noise__var_0p02.jpg,train,Included in Train (Parent in Train),train\InfectedFish\salmon_dis_37__gaussian_noise__var_0p02.jpg
InfectedFish,Augmented,salmon_dis_37,salmon_dis_37__mirror__axis_x.jpg,train,Included in Train (Parent in Train),train\InfectedFish\salmon_dis_37__mirror__axis_x.jpg
InfectedFish,Augmented,salmon_dis_37,salmon_dis_37__mirror__axis_y.jpg,train,Included in Train (Parent in Train),train\InfectedFish\salmon_dis_37__mirror__axis_y.jpg
InfectedFish,Augmented,salmon_dis_37,salmon_dis_37__motion_blur__kernel_11__angle_45deg.jpg,train,Included in Train (Parent in Train),train\InfectedFish\salmon_dis_37__motion_blur__kernel_11__angle_45deg.jpg
InfectedFish,Augmented,salmon_dis_37,salmon_dis_37__motion_blur__kernel_7__angle_0deg.jpg,train,Included in Train (Parent in Train),train\InfectedFish\salmon_dis_37__motion_blur__kernel_7__angle_0deg.jpg
InfectedFish,Augmented,salmon_dis_37,salmon_dis_37__motion_blur__kernel_9__angle_90deg.jpg,train,Included in Train (Parent in Train),train\InfectedFish\salmon_dis_37__motion_blur__kernel_9__angle_90deg.jpg
InfectedFish,Augmented,salmon_dis_37,salmon_dis_37__rotation__angle_-10deg.jpg,train,Included in Train (Parent in Train),train\InfectedFish\salmon_dis_37__rotation__angle_-10deg.jpg
InfectedFish,Augmented,salmon_dis_37,salmon_dis_37__rotation__angle_10deg.jpg,train,Included in Train (Parent in Train),train\InfectedFish\salmon_dis_37__rotation__angle_10deg.jpg
InfectedFish,Augmented,salmon_dis_38,salmon_dis_38__brightness_reduction__factor_0p6.jpg,train,Included in Train (Parent in Train),train\InfectedFish\salmon_dis_38__brightness_reduction__factor_0p6.jpg
InfectedFish,Augmented,salmon_dis_38,salmon_dis_38__contrast_reduction__factor_0p7.jpg,train,Included in Train (Parent in Train),train\InfectedFish\salmon_dis_38__contrast_reduction__factor_0p7.jpg
InfectedFish,Augmented,salmon_dis_38,salmon_dis_38__gaussian_blur__sigma_2p2.jpg,train,Included in Train (Parent in Train),train\InfectedFish\salmon_dis_38__gaussian_blur__sigma_2p2.jpg
InfectedFish,Augmented,salmon_dis_38,salmon_dis_38__gaussian_noise__var_0p02.jpg,train,Included in Train (Parent in Train),train\InfectedFish\salmon_dis_38__gaussian_noise__var_0p02.jpg
InfectedFish,Augmented,salmon_dis_38,salmon_dis_38__mirror__axis_x.jpg,train,Included in Train (Parent in Train),train\InfectedFish\salmon_dis_38__mirror__axis_x.jpg
InfectedFish,Augmented,salmon_dis_38,salmon_dis_38__mirror__axis_y.jpg,train,Included in Train (Parent in Train),train\InfectedFish\salmon_dis_38__mirror__axis_y.jpg
InfectedFish,Augmented,salmon_dis_38,salmon_dis_38__motion_blur__kernel_11__angle_45deg.jpg,train,Included in Train (Parent in Train),train\InfectedFish\salmon_dis_38__motion_blur__kernel_11__angle_45deg.jpg
InfectedFish,Augmented,salmon_dis_38,salmon_dis_38__motion_blur__kernel_7__angle_0deg.jpg,train,Included in Train (Parent in Train),train\InfectedFish\salmon_dis_38__motion_blur__kernel_7__angle_0deg.jpg
InfectedFish,Augmented,salmon_dis_38,salmon_dis_38__motion_blur__kernel_9__angle_90deg.jpg,train,Included in Train (Parent in Train),train\InfectedFish\salmon_dis_38__motion_blur__kernel_9__angle_90deg.jpg
InfectedFish,Augmented,salmon_dis_38,salmon_dis_38__rotation__angle_-10deg.jpg,train,Included in Train (Parent in Train),train\InfectedFish\salmon_dis_38__rotation__angle_-10deg.jpg
InfectedFish,Augmented,salmon_dis_38,salmon_dis_38__rotation__angle_10deg.jpg,train,Included in Train (Parent in Train),train\InfectedFish\salmon_dis_38__rotation__angle_10deg.jpg
InfectedFish,Augmented,salmon_dis_39,salmon_dis_39__brightness_reduction__factor_0p6.jpg,train,Included in Train (Parent in Train),train\InfectedFish\salmon_dis_39__brightness_reduction__factor_0p6.jpg
InfectedFish,Augmented,salmon_dis_39,salmon_dis_39__contrast_reduction__factor_0p7.jpg,train,Included in Train (Parent in Train),train\InfectedFish\salmon_dis_39__contrast_reduction__factor_0p7.jpg
InfectedFish,Augmented,salmon_dis_39,salmon_dis_39__gaussian_blur__sigma_2p2.jpg,train,Included in Train (Parent in Train),train\InfectedFish\salmon_dis_39__gaussian_blur__sigma_2p2.jpg
InfectedFish,Augmented,salmon_dis_39,salmon_dis_39__gaussian_noise__var_0p02.jpg,train,Included in Train (Parent in Train),train\InfectedFish\salmon_dis_39__gaussian_noise__var_0p02.jpg
InfectedFish,Augmented,salmon_dis_39,salmon_dis_39__mirror__axis_x.jpg,train,Included in Train (Parent in Train),train\InfectedFish\salmon_dis_39__mirror__axis_x.jpg
InfectedFish,Augmented,salmon_dis_39,salmon_dis_39__mirror__axis_y.jpg,train,Included in Train (Parent in Train),train\InfectedFish\salmon_dis_39__mirror__axis_y.jpg
InfectedFish,Augmented,salmon_dis_39,salmon_dis_39__motion_blur__kernel_11__angle_45deg.jpg,train,Included in Train (Parent in Train),train\InfectedFish\salmon_dis_39__motion_blur__kernel_11__angle_45deg.jpg
InfectedFish,Augmented,salmon_dis_39,salmon_dis_39__motion_blur__kernel_7__angle_0deg.jpg,train,Included in Train (Parent in Train),train\InfectedFish\salmon_dis_39__motion_blur__kernel_7__angle_0deg.jpg
InfectedFish,Augmented,salmon_dis_39,salmon_dis_39__motion_blur__kernel_9__angle_90deg.jpg,train,Included in Train (Parent in Train),train\InfectedFish\salmon_dis_39__motion_blur__kernel_9__angle_90deg.jpg
InfectedFish,Augmented,salmon_dis_39,salmon_dis_39__rotation__angle_-10deg.jpg,train,Included in Train (Parent in Train),train\InfectedFish\salmon_dis_39__rotation__angle_-10deg.jpg
InfectedFish,Augmented,salmon_dis_39,salmon_dis_39__rotation__angle_10deg.jpg,train,Included in Train (Parent in Train),train\InfectedFish\salmon_dis_39__rotation__angle_10deg.jpg
InfectedFish,Augmented,salmon_dis_40,salmon_dis_40__brightness_reduction__factor_0p6.jpg,train,Included in Train (Parent in Train),train\InfectedFish\salmon_dis_40__brightness_reduction__factor_0p6.jpg
InfectedFish,Augmented,salmon_dis_40,salmon_dis_40__contrast_reduction__factor_0p7.jpg,train,Included in Train (Parent in Train),train\InfectedFish\salmon_dis_40__contrast_reduction__factor_0p7.jpg
InfectedFish,Augmented,salmon_dis_40,salmon_dis_40__gaussian_blur__sigma_2p2.jpg,train,Included in Train (Parent in Train),train\InfectedFish\salmon_dis_40__gaussian_blur__sigma_2p2.jpg
InfectedFish,Augmented,salmon_dis_40,salmon_dis_40__gaussian_noise__var_0p02.jpg,train,Included in Train (Parent in Train),train\InfectedFish\salmon_dis_40__gaussian_noise__var_0p02.jpg
InfectedFish,Augmented,salmon_dis_40,salmon_dis_40__mirror__axis_x.jpg,train,Included in Train (Parent in Train),train\InfectedFish\salmon_dis_40__mirror__axis_x.jpg
InfectedFish,Augmented,salmon_dis_40,salmon_dis_40__mirror__axis_y.jpg,train,Included in Train (Parent in Train),train\InfectedFish\salmon_dis_40__mirror__axis_y.jpg
InfectedFish,Augmented,salmon_dis_40,salmon_dis_40__motion_blur__kernel_11__angle_45deg.jpg,train,Included in Train (Parent in Train),train\InfectedFish\salmon_dis_40__motion_blur__kernel_11__angle_45deg.jpg
InfectedFish,Augmented,salmon_dis_40,salmon_dis_40__motion_blur__kernel_7__angle_0deg.jpg,train,Included in Train (Parent in Train),train\InfectedFish\salmon_dis_40__motion_blur__kernel_7__angle_0deg.jpg
InfectedFish,Augmented,salmon_dis_40,salmon_dis_40__motion_blur__kernel_9__angle_90deg.jpg,train,Included in Train (Parent in Train),train\InfectedFish\salmon_dis_40__motion_blur__kernel_9__angle_90deg.jpg
InfectedFish,Augmented,salmon_dis_40,salmon_dis_40__rotation__angle_-10deg.jpg,train,Included in Train (Parent in Train),train\InfectedFish\salmon_dis_40__rotation__angle_-10deg.jpg
InfectedFish,Augmented,salmon_dis_40,salmon_dis_40__rotation__angle_10deg.jpg,train,Included in Train (Parent in Train),train\InfectedFish\salmon_dis_40__rotation__angle_10deg.jpg
InfectedFish,Augmented,salmon_dis_41,salmon_dis_41__brightness_reduction__factor_0p6.jpg,train,Included in Train (Parent in Train),train\InfectedFish\salmon_dis_41__brightness_reduction__factor_0p6.jpg
InfectedFish,Augmented,salmon_dis_41,salmon_dis_41__contrast_reduction__factor_0p7.jpg,train,Included in Train (Parent in Train),train\InfectedFish\salmon_dis_41__contrast_reduction__factor_0p7.jpg
InfectedFish,Augmented,salmon_dis_41,salmon_dis_41__gaussian_blur__sigma_2p2.jpg,train,Included in Train (Parent in Train),train\InfectedFish\salmon_dis_41__gaussian_blur__sigma_2p2.jpg
InfectedFish,Augmented,salmon_dis_41,salmon_dis_41__gaussian_noise__var_0p02.jpg,train,Included in Train (Parent in Train),train\InfectedFish\salmon_dis_41__gaussian_noise__var_0p02.jpg
InfectedFish,Augmented,salmon_dis_41,salmon_dis_41__mirror__axis_x.jpg,train,Included in Train (Parent in Train),train\InfectedFish\salmon_dis_41__mirror__axis_x.jpg
InfectedFish,Augmented,salmon_dis_41,salmon_dis_41__mirror__axis_y.jpg,train,Included in Train (Parent in Train),train\InfectedFish\salmon_dis_41__mirror__axis_y.jpg
InfectedFish,Augmented,salmon_dis_41,salmon_dis_41__motion_blur__kernel_11__angle_45deg.jpg,train,Included in Train (Parent in Train),train\InfectedFish\salmon_dis_41__motion_blur__kernel_11__angle_45deg.jpg
InfectedFish,Augmented,salmon_dis_41,salmon_dis_41__motion_blur__kernel_7__angle_0deg.jpg,train,Included in Train (Parent in Train),train\InfectedFish\salmon_dis_41__motion_blur__kernel_7__angle_0deg.jpg
InfectedFish,Augmented,salmon_dis_41,salmon_dis_41__motion_blur__kernel_9__angle_90deg.jpg,train,Included in Train (Parent in Train),train\InfectedFish\salmon_dis_41__motion_blur__kernel_9__angle_90deg.jpg
InfectedFish,Augmented,salmon_dis_41,salmon_dis_41__rotation__angle_-10deg.jpg,train,Included in Train (Parent in Train),train\InfectedFish\salmon_dis_41__rotation__angle_-10deg.jpg
InfectedFish,Augmented,salmon_dis_41,salmon_dis_41__rotation__angle_10deg.jpg,train,Included in Train (Parent in Train),train\InfectedFish\salmon_dis_41__rotation__angle_10deg.jpg
InfectedFish,Augmented,salmon_dis_42,salmon_dis_42__brightness_reduction__factor_0p6.jpg,train,Included in Train (Parent in Train),train\InfectedFish\salmon_dis_42__brightness_reduction__factor_0p6.jpg
InfectedFish,Augmented,salmon_dis_42,salmon_dis_42__contrast_reduction__factor_0p7.jpg,train,Included in Train (Parent in Train),train\InfectedFish\salmon_dis_42__contrast_reduction__factor_0p7.jpg
InfectedFish,Augmented,salmon_dis_42,salmon_dis_42__gaussian_blur__sigma_2p2.jpg,train,Included in Train (Parent in Train),train\InfectedFish\salmon_dis_42__gaussian_blur__sigma_2p2.jpg
InfectedFish,Augmented,salmon_dis_42,salmon_dis_42__gaussian_noise__var_0p02.jpg,train,Included in Train (Parent in Train),train\InfectedFish\salmon_dis_42__gaussian_noise__var_0p02.jpg
InfectedFish,Augmented,salmon_dis_42,salmon_dis_42__mirror__axis_x.jpg,train,Included in Train (Parent in Train),train\InfectedFish\salmon_dis_42__mirror__axis_x.jpg
InfectedFish,Augmented,salmon_dis_42,salmon_dis_42__mirror__axis_y.jpg,train,Included in Train (Parent in Train),train\InfectedFish\salmon_dis_42__mirror__axis_y.jpg
InfectedFish,Augmented,salmon_dis_42,salmon_dis_42__motion_blur__kernel_11__angle_45deg.jpg,train,Included in Train (Parent in Train),train\InfectedFish\salmon_dis_42__motion_blur__kernel_11__angle_45deg.jpg
InfectedFish,Augmented,salmon_dis_42,salmon_dis_42__motion_blur__kernel_7__angle_0deg.jpg,train,Included in Train (Parent in Train),train\InfectedFish\salmon_dis_42__motion_blur__kernel_7__angle_0deg.jpg
InfectedFish,Augmented,salmon_dis_42,salmon_dis_42__motion_blur__kernel_9__angle_90deg.jpg,train,Included in Train (Parent in Train),train\InfectedFish\salmon_dis_42__motion_blur__kernel_9__angle_90deg.jpg
InfectedFish,Augmented,salmon_dis_42,salmon_dis_42__rotation__angle_-10deg.jpg,train,Included in Train (Parent in Train),train\InfectedFish\salmon_dis_42__rotation__angle_-10deg.jpg
InfectedFish,Augmented,salmon_dis_42,salmon_dis_42__rotation__angle_10deg.jpg,train,Included in Train (Parent in Train),train\InfectedFish\salmon_dis_42__rotation__angle_10deg.jpg
InfectedFish,Augmented,salmon_dis_43,salmon_dis_43__brightness_reduction__factor_0p6.jpg,train,Included in Train (Parent in Train),train\InfectedFish\salmon_dis_43__brightness_reduction__factor_0p6.jpg
InfectedFish,Augmented,salmon_dis_43,salmon_dis_43__contrast_reduction__factor_0p7.jpg,train,Included in Train (Parent in Train),train\InfectedFish\salmon_dis_43__contrast_reduction__factor_0p7.jpg
InfectedFish,Augmented,salmon_dis_43,salmon_dis_43__gaussian_blur__sigma_2p2.jpg,train,Included in Train (Parent in Train),train\InfectedFish\salmon_dis_43__gaussian_blur__sigma_2p2.jpg
InfectedFish,Augmented,salmon_dis_43,salmon_dis_43__gaussian_noise__var_0p02.jpg,train,Included in Train (Parent in Train),train\InfectedFish\salmon_dis_43__gaussian_noise__var_0p02.jpg
InfectedFish,Augmented,salmon_dis_43,salmon_dis_43__mirror__axis_x.jpg,train,Included in Train (Parent in Train),train\InfectedFish\salmon_dis_43__mirror__axis_x.jpg
InfectedFish,Augmented,salmon_dis_43,salmon_dis_43__mirror__axis_y.jpg,train,Included in Train (Parent in Train),train\InfectedFish\salmon_dis_43__mirror__axis_y.jpg
InfectedFish,Augmented,salmon_dis_43,salmon_dis_43__motion_blur__kernel_11__angle_45deg.jpg,train,Included in Train (Parent in Train),train\InfectedFish\salmon_dis_43__motion_blur__kernel_11__angle_45deg.jpg
InfectedFish,Augmented,salmon_dis_43,salmon_dis_43__motion_blur__kernel_7__angle_0deg.jpg,train,Included in Train (Parent in Train),train\InfectedFish\salmon_dis_43__motion_blur__kernel_7__angle_0deg.jpg
InfectedFish,Augmented,salmon_dis_43,salmon_dis_43__motion_blur__kernel_9__angle_90deg.jpg,train,Included in Train (Parent in Train),train\InfectedFish\salmon_dis_43__motion_blur__kernel_9__angle_90deg.jpg
InfectedFish,Augmented,salmon_dis_43,salmon_dis_43__rotation__angle_-10deg.jpg,train,Included in Train (Parent in Train),train\InfectedFish\salmon_dis_43__rotation__angle_-10deg.jpg
InfectedFish,Augmented,salmon_dis_43,salmon_dis_43__rotation__angle_10deg.jpg,train,Included in Train (Parent in Train),train\InfectedFish\salmon_dis_43__rotation__angle_10deg.jpg
InfectedFish,Augmented,salmon_dis_44,salmon_dis_44__brightness_reduction__factor_0p6.jpg,ignored,Ignored (Parent in Test),None
InfectedFish,Augmented,salmon_dis_44,salmon_dis_44__contrast_reduction__factor_0p7.jpg,ignored,Ignored (Parent in Test),None
InfectedFish,Augmented,salmon_dis_44,salmon_dis_44__gaussian_blur__sigma_2p2.jpg,ignored,Ignored (Parent in Test),None
InfectedFish,Augmented,salmon_dis_44,salmon_dis_44__gaussian_noise__var_0p02.jpg,ignored,Ignored (Parent in Test),None
InfectedFish,Augmented,salmon_dis_44,salmon_dis_44__mirror__axis_x.jpg,ignored,Ignored (Parent in Test),None
InfectedFish,Augmented,salmon_dis_44,salmon_dis_44__mirror__axis_y.jpg,ignored,Ignored (Parent in Test),None
InfectedFish,Augmented,salmon_dis_44,salmon_dis_44__motion_blur__kernel_11__angle_45deg.jpg,ignored,Ignored (Parent in Test),None
InfectedFish,Augmented,salmon_dis_44,salmon_dis_44__motion_blur__kernel_7__angle_0deg.jpg,ignored,Ignored (Parent in Test),None
InfectedFish,Augmented,salmon_dis_44,salmon_dis_44__motion_blur__kernel_9__angle_90deg.jpg,ignored,Ignored (Parent in Test),None
InfectedFish,Augmented,salmon_dis_44,salmon_dis_44__rotation__angle_-10deg.jpg,ignored,Ignored (Parent in Test),None
InfectedFish,Augmented,salmon_dis_44,salmon_dis_44__rotation__angle_10deg.jpg,ignored,Ignored (Parent in Test),None
InfectedFish,Augmented,salmon_dis_45,salmon_dis_45__brightness_reduction__factor_0p6.jpg,train,Included in Train (Parent in Train),train\InfectedFish\salmon_dis_45__brightness_reduction__factor_0p6.jpg
InfectedFish,Augmented,salmon_dis_45,salmon_dis_45__contrast_reduction__factor_0p7.jpg,train,Included in Train (Parent in Train),train\InfectedFish\salmon_dis_45__contrast_reduction__factor_0p7.jpg
InfectedFish,Augmented,salmon_dis_45,salmon_dis_45__gaussian_blur__sigma_2p2.jpg,train,Included in Train (Parent in Train),train\InfectedFish\salmon_dis_45__gaussian_blur__sigma_2p2.jpg
InfectedFish,Augmented,salmon_dis_45,salmon_dis_45__gaussian_noise__var_0p02.jpg,train,Included in Train (Parent in Train),train\InfectedFish\salmon_dis_45__gaussian_noise__var_0p02.jpg
InfectedFish,Augmented,salmon_dis_45,salmon_dis_45__mirror__axis_x.jpg,train,Included in Train (Parent in Train),train\InfectedFish\salmon_dis_45__mirror__axis_x.jpg
InfectedFish,Augmented,salmon_dis_45,salmon_dis_45__mirror__axis_y.jpg,train,Included in Train (Parent in Train),train\InfectedFish\salmon_dis_45__mirror__axis_y.jpg
InfectedFish,Augmented,salmon_dis_45,salmon_dis_45__motion_blur__kernel_11__angle_45deg.jpg,train,Included in Train (Parent in Train),train\InfectedFish\salmon_dis_45__motion_blur__kernel_11__angle_45deg.jpg
InfectedFish,Augmented,salmon_dis_45,salmon_dis_45__motion_blur__kernel_7__angle_0deg.jpg,train,Included in Train (Parent in Train),train\InfectedFish\salmon_dis_45__motion_blur__kernel_7__angle_0deg.jpg
InfectedFish,Augmented,salmon_dis_45,salmon_dis_45__motion_blur__kernel_9__angle_90deg.jpg,train,Included in Train (Parent in Train),train\InfectedFish\salmon_dis_45__motion_blur__kernel_9__angle_90deg.jpg
InfectedFish,Augmented,salmon_dis_45,salmon_dis_45__rotation__angle_-10deg.jpg,train,Included in Train (Parent in Train),train\InfectedFish\salmon_dis_45__rotation__angle_-10deg.jpg
InfectedFish,Augmented,salmon_dis_45,salmon_dis_45__rotation__angle_10deg.jpg,train,Included in Train (Parent in Train),train\InfectedFish\salmon_dis_45__rotation__angle_10deg.jpg
InfectedFish,Augmented,salmon_dis_46,salmon_dis_46__brightness_reduction__factor_0p6.jpg,train,Included in Train (Parent in Train),train\InfectedFish\salmon_dis_46__brightness_reduction__factor_0p6.jpg
InfectedFish,Augmented,salmon_dis_46,salmon_dis_46__contrast_reduction__factor_0p7.jpg,train,Included in Train (Parent in Train),train\InfectedFish\salmon_dis_46__contrast_reduction__factor_0p7.jpg
InfectedFish,Augmented,salmon_dis_46,salmon_dis_46__gaussian_blur__sigma_2p2.jpg,train,Included in Train (Parent in Train),train\InfectedFish\salmon_dis_46__gaussian_blur__sigma_2p2.jpg
InfectedFish,Augmented,salmon_dis_46,salmon_dis_46__gaussian_noise__var_0p02.jpg,train,Included in Train (Parent in Train),train\InfectedFish\salmon_dis_46__gaussian_noise__var_0p02.jpg
InfectedFish,Augmented,salmon_dis_46,salmon_dis_46__mirror__axis_x.jpg,train,Included in Train (Parent in Train),train\InfectedFish\salmon_dis_46__mirror__axis_x.jpg
InfectedFish,Augmented,salmon_dis_46,salmon_dis_46__mirror__axis_y.jpg,train,Included in Train (Parent in Train),train\InfectedFish\salmon_dis_46__mirror__axis_y.jpg
InfectedFish,Augmented,salmon_dis_46,salmon_dis_46__motion_blur__kernel_11__angle_45deg.jpg,train,Included in Train (Parent in Train),train\InfectedFish\salmon_dis_46__motion_blur__kernel_11__angle_45deg.jpg
InfectedFish,Augmented,salmon_dis_46,salmon_dis_46__motion_blur__kernel_7__angle_0deg.jpg,train,Included in Train (Parent in Train),train\InfectedFish\salmon_dis_46__motion_blur__kernel_7__angle_0deg.jpg
InfectedFish,Augmented,salmon_dis_46,salmon_dis_46__motion_blur__kernel_9__angle_90deg.jpg,train,Included in Train (Parent in Train),train\InfectedFish\salmon_dis_46__motion_blur__kernel_9__angle_90deg.jpg
InfectedFish,Augmented,salmon_dis_46,salmon_dis_46__rotation__angle_-10deg.jpg,train,Included in Train (Parent in Train),train\InfectedFish\salmon_dis_46__rotation__angle_-10deg.jpg
InfectedFish,Augmented,salmon_dis_46,salmon_dis_46__rotation__angle_10deg.jpg,train,Included in Train (Parent in Train),train\InfectedFish\salmon_dis_46__rotation__angle_10deg.jpg
InfectedFish,Augmented,salmon_dis_47,salmon_dis_47__brightness_reduction__factor_0p6.jpg,train,Included in Train (Parent in Train),train\InfectedFish\salmon_dis_47__brightness_reduction__factor_0p6.jpg
InfectedFish,Augmented,salmon_dis_47,salmon_dis_47__contrast_reduction__factor_0p7.jpg,train,Included in Train (Parent in Train),train\InfectedFish\salmon_dis_47__contrast_reduction__factor_0p7.jpg
InfectedFish,Augmented,salmon_dis_47,salmon_dis_47__gaussian_blur__sigma_2p2.jpg,train,Included in Train (Parent in Train),train\InfectedFish\salmon_dis_47__gaussian_blur__sigma_2p2.jpg
InfectedFish,Augmented,salmon_dis_47,salmon_dis_47__gaussian_noise__var_0p02.jpg,train,Included in Train (Parent in Train),train\InfectedFish\salmon_dis_47__gaussian_noise__var_0p02.jpg
InfectedFish,Augmented,salmon_dis_47,salmon_dis_47__mirror__axis_x.jpg,train,Included in Train (Parent in Train),train\InfectedFish\salmon_dis_47__mirror__axis_x.jpg
InfectedFish,Augmented,salmon_dis_47,salmon_dis_47__mirror__axis_y.jpg,train,Included in Train (Parent in Train),train\InfectedFish\salmon_dis_47__mirror__axis_y.jpg
InfectedFish,Augmented,salmon_dis_47,salmon_dis_47__motion_blur__kernel_11__angle_45deg.jpg,train,Included in Train (Parent in Train),train\InfectedFish\salmon_dis_47__motion_blur__kernel_11__angle_45deg.jpg
InfectedFish,Augmented,salmon_dis_47,salmon_dis_47__motion_blur__kernel_7__angle_0deg.jpg,train,Included in Train (Parent in Train),train\InfectedFish\salmon_dis_47__motion_blur__kernel_7__angle_0deg.jpg
InfectedFish,Augmented,salmon_dis_47,salmon_dis_47__motion_blur__kernel_9__angle_90deg.jpg,train,Included in Train (Parent in Train),train\InfectedFish\salmon_dis_47__motion_blur__kernel_9__angle_90deg.jpg
InfectedFish,Augmented,salmon_dis_47,salmon_dis_47__rotation__angle_-10deg.jpg,train,Included in Train (Parent in Train),train\InfectedFish\salmon_dis_47__rotation__angle_-10deg.jpg
InfectedFish,Augmented,salmon_dis_47,salmon_dis_47__rotation__angle_10deg.jpg,train,Included in Train (Parent in Train),train\InfectedFish\salmon_dis_47__rotation__angle_10deg.jpg
InfectedFish,Augmented,salmon_dis_48,salmon_dis_48__brightness_reduction__factor_0p6.jpg,train,Included in Train (Parent in Train),train\InfectedFish\salmon_dis_48__brightness_reduction__factor_0p6.jpg
InfectedFish,Augmented,salmon_dis_48,salmon_dis_48__contrast_reduction__factor_0p7.jpg,train,Included in Train (Parent in Train),train\InfectedFish\salmon_dis_48__contrast_reduction__factor_0p7.jpg
InfectedFish,Augmented,salmon_dis_48,salmon_dis_48__gaussian_blur__sigma_2p2.jpg,train,Included in Train (Parent in Train),train\InfectedFish\salmon_dis_48__gaussian_blur__sigma_2p2.jpg
InfectedFish,Augmented,salmon_dis_48,salmon_dis_48__gaussian_noise__var_0p02.jpg,train,Included in Train (Parent in Train),train\InfectedFish\salmon_dis_48__gaussian_noise__var_0p02.jpg
InfectedFish,Augmented,salmon_dis_48,salmon_dis_48__mirror__axis_x.jpg,train,Included in Train (Parent in Train),train\InfectedFish\salmon_dis_48__mirror__axis_x.jpg
InfectedFish,Augmented,salmon_dis_48,salmon_dis_48__mirror__axis_y.jpg,train,Included in Train (Parent in Train),train\InfectedFish\salmon_dis_48__mirror__axis_y.jpg
InfectedFish,Augmented,salmon_dis_48,salmon_dis_48__motion_blur__kernel_11__angle_45deg.jpg,train,Included in Train (Parent in Train),train\InfectedFish\salmon_dis_48__motion_blur__kernel_11__angle_45deg.jpg
InfectedFish,Augmented,salmon_dis_48,salmon_dis_48__motion_blur__kernel_7__angle_0deg.jpg,train,Included in Train (Parent in Train),train\InfectedFish\salmon_dis_48__motion_blur__kernel_7__angle_0deg.jpg
InfectedFish,Augmented,salmon_dis_48,salmon_dis_48__motion_blur__kernel_9__angle_90deg.jpg,train,Included in Train (Parent in Train),train\InfectedFish\salmon_dis_48__motion_blur__kernel_9__angle_90deg.jpg
InfectedFish,Augmented,salmon_dis_48,salmon_dis_48__rotation__angle_-10deg.jpg,train,Included in Train (Parent in Train),train\InfectedFish\salmon_dis_48__rotation__angle_-10deg.jpg
InfectedFish,Augmented,salmon_dis_48,salmon_dis_48__rotation__angle_10deg.jpg,train,Included in Train (Parent in Train),train\InfectedFish\salmon_dis_48__rotation__angle_10deg.jpg
InfectedFish,Augmented,salmon_dis_49,salmon_dis_49__brightness_reduction__factor_0p6.jpg,ignored,Ignored (Parent in Test),None
InfectedFish,Augmented,salmon_dis_49,salmon_dis_49__contrast_reduction__factor_0p7.jpg,ignored,Ignored (Parent in Test),None
InfectedFish,Augmented,salmon_dis_49,salmon_dis_49__gaussian_blur__sigma_2p2.jpg,ignored,Ignored (Parent in Test),None
InfectedFish,Augmented,salmon_dis_49,salmon_dis_49__gaussian_noise__var_0p02.jpg,ignored,Ignored (Parent in Test),None
InfectedFish,Augmented,salmon_dis_49,salmon_dis_49__mirror__axis_x.jpg,ignored,Ignored (Parent in Test),None
InfectedFish,Augmented,salmon_dis_49,salmon_dis_49__mirror__axis_y.jpg,ignored,Ignored (Parent in Test),None
InfectedFish,Augmented,salmon_dis_49,salmon_dis_49__motion_blur__kernel_11__angle_45deg.jpg,ignored,Ignored (Parent in Test),None
InfectedFish,Augmented,salmon_dis_49,salmon_dis_49__motion_blur__kernel_7__angle_0deg.jpg,ignored,Ignored (Parent in Test),None
InfectedFish,Augmented,salmon_dis_49,salmon_dis_49__motion_blur__kernel_9__angle_90deg.jpg,ignored,Ignored (Parent in Test),None
InfectedFish,Augmented,salmon_dis_49,salmon_dis_49__rotation__angle_-10deg.jpg,ignored,Ignored (Parent in Test),None
InfectedFish,Augmented,salmon_dis_49,salmon_dis_49__rotation__angle_10deg.jpg,ignored,Ignored (Parent in Test),None
InfectedFish,Augmented,salmon_dis_50,salmon_dis_50__brightness_reduction__factor_0p6.jpg,train,Included in Train (Parent in Train),train\InfectedFish\salmon_dis_50__brightness_reduction__factor_0p6.jpg
InfectedFish,Augmented,salmon_dis_50,salmon_dis_50__contrast_reduction__factor_0p7.jpg,train,Included in Train (Parent in Train),train\InfectedFish\salmon_dis_50__contrast_reduction__factor_0p7.jpg
InfectedFish,Augmented,salmon_dis_50,salmon_dis_50__gaussian_blur__sigma_2p2.jpg,train,Included in Train (Parent in Train),train\InfectedFish\salmon_dis_50__gaussian_blur__sigma_2p2.jpg
InfectedFish,Augmented,salmon_dis_50,salmon_dis_50__gaussian_noise__var_0p02.jpg,train,Included in Train (Parent in Train),train\InfectedFish\salmon_dis_50__gaussian_noise__var_0p02.jpg
InfectedFish,Augmented,salmon_dis_50,salmon_dis_50__mirror__axis_x.jpg,train,Included in Train (Parent in Train),train\InfectedFish\salmon_dis_50__mirror__axis_x.jpg
InfectedFish,Augmented,salmon_dis_50,salmon_dis_50__mirror__axis_y.jpg,train,Included in Train (Parent in Train),train\InfectedFish\salmon_dis_50__mirror__axis_y.jpg
InfectedFish,Augmented,salmon_dis_50,salmon_dis_50__motion_blur__kernel_11__angle_45deg.jpg,train,Included in Train (Parent in Train),train\InfectedFish\salmon_dis_50__motion_blur__kernel_11__angle_45deg.jpg
InfectedFish,Augmented,salmon_dis_50,salmon_dis_50__motion_blur__kernel_7__angle_0deg.jpg,train,Included in Train (Parent in Train),train\InfectedFish\salmon_dis_50__motion_blur__kernel_7__angle_0deg.jpg
InfectedFish,Augmented,salmon_dis_50,salmon_dis_50__motion_blur__kernel_9__angle_90deg.jpg,train,Included in Train (Parent in Train),train\InfectedFish\salmon_dis_50__motion_blur__kernel_9__angle_90deg.jpg
InfectedFish,Augmented,salmon_dis_50,salmon_dis_50__rotation__angle_-10deg.jpg,train,Included in Train (Parent in Train),train\InfectedFish\salmon_dis_50__rotation__angle_-10deg.jpg
InfectedFish,Augmented,salmon_dis_50,salmon_dis_50__rotation__angle_10deg.jpg,train,Included in Train (Parent in Train),train\InfectedFish\salmon_dis_50__rotation__angle_10deg.jpg
InfectedFish,Augmented,salmon_dis_51,salmon_dis_51__brightness_reduction__factor_0p6.jpg,train,Included in Train (Parent in Train),train\InfectedFish\salmon_dis_51__brightness_reduction__factor_0p6.jpg
InfectedFish,Augmented,salmon_dis_51,salmon_dis_51__contrast_reduction__factor_0p7.jpg,train,Included in Train (Parent in Train),train\InfectedFish\salmon_dis_51__contrast_reduction__factor_0p7.jpg
InfectedFish,Augmented,salmon_dis_51,salmon_dis_51__gaussian_blur__sigma_2p2.jpg,train,Included in Train (Parent in Train),train\InfectedFish\salmon_dis_51__gaussian_blur__sigma_2p2.jpg
InfectedFish,Augmented,salmon_dis_51,salmon_dis_51__gaussian_noise__var_0p02.jpg,train,Included in Train (Parent in Train),train\InfectedFish\salmon_dis_51__gaussian_noise__var_0p02.jpg
InfectedFish,Augmented,salmon_dis_51,salmon_dis_51__mirror__axis_x.jpg,train,Included in Train (Parent in Train),train\InfectedFish\salmon_dis_51__mirror__axis_x.jpg
InfectedFish,Augmented,salmon_dis_51,salmon_dis_51__mirror__axis_y.jpg,train,Included in Train (Parent in Train),train\InfectedFish\salmon_dis_51__mirror__axis_y.jpg
InfectedFish,Augmented,salmon_dis_51,salmon_dis_51__motion_blur__kernel_11__angle_45deg.jpg,train,Included in Train (Parent in Train),train\InfectedFish\salmon_dis_51__motion_blur__kernel_11__angle_45deg.jpg
InfectedFish,Augmented,salmon_dis_51,salmon_dis_51__motion_blur__kernel_7__angle_0deg.jpg,train,Included in Train (Parent in Train),train\InfectedFish\salmon_dis_51__motion_blur__kernel_7__angle_0deg.jpg
InfectedFish,Augmented,salmon_dis_51,salmon_dis_51__motion_blur__kernel_9__angle_90deg.jpg,train,Included in Train (Parent in Train),train\InfectedFish\salmon_dis_51__motion_blur__kernel_9__angle_90deg.jpg
InfectedFish,Augmented,salmon_dis_51,salmon_dis_51__rotation__angle_-10deg.jpg,train,Included in Train (Parent in Train),train\InfectedFish\salmon_dis_51__rotation__angle_-10deg.jpg
InfectedFish,Augmented,salmon_dis_51,salmon_dis_51__rotation__angle_10deg.jpg,train,Included in Train (Parent in Train),train\InfectedFish\salmon_dis_51__rotation__angle_10deg.jpg
InfectedFish,Augmented,salmon_dis_52,salmon_dis_52__brightness_reduction__factor_0p6.jpg,train,Included in Train (Parent in Train),train\InfectedFish\salmon_dis_52__brightness_reduction__factor_0p6.jpg
InfectedFish,Augmented,salmon_dis_52,salmon_dis_52__contrast_reduction__factor_0p7.jpg,train,Included in Train (Parent in Train),train\InfectedFish\salmon_dis_52__contrast_reduction__factor_0p7.jpg
InfectedFish,Augmented,salmon_dis_52,salmon_dis_52__gaussian_blur__sigma_2p2.jpg,train,Included in Train (Parent in Train),train\InfectedFish\salmon_dis_52__gaussian_blur__sigma_2p2.jpg
InfectedFish,Augmented,salmon_dis_52,salmon_dis_52__gaussian_noise__var_0p02.jpg,train,Included in Train (Parent in Train),train\InfectedFish\salmon_dis_52__gaussian_noise__var_0p02.jpg
InfectedFish,Augmented,salmon_dis_52,salmon_dis_52__mirror__axis_x.jpg,train,Included in Train (Parent in Train),train\InfectedFish\salmon_dis_52__mirror__axis_x.jpg
InfectedFish,Augmented,salmon_dis_52,salmon_dis_52__mirror__axis_y.jpg,train,Included in Train (Parent in Train),train\InfectedFish\salmon_dis_52__mirror__axis_y.jpg
InfectedFish,Augmented,salmon_dis_52,salmon_dis_52__motion_blur__kernel_11__angle_45deg.jpg,train,Included in Train (Parent in Train),train\InfectedFish\salmon_dis_52__motion_blur__kernel_11__angle_45deg.jpg
InfectedFish,Augmented,salmon_dis_52,salmon_dis_52__motion_blur__kernel_7__angle_0deg.jpg,train,Included in Train (Parent in Train),train\InfectedFish\salmon_dis_52__motion_blur__kernel_7__angle_0deg.jpg
InfectedFish,Augmented,salmon_dis_52,salmon_dis_52__motion_blur__kernel_9__angle_90deg.jpg,train,Included in Train (Parent in Train),train\InfectedFish\salmon_dis_52__motion_blur__kernel_9__angle_90deg.jpg
InfectedFish,Augmented,salmon_dis_52,salmon_dis_52__rotation__angle_-10deg.jpg,train,Included in Train (Parent in Train),train\InfectedFish\salmon_dis_52__rotation__angle_-10deg.jpg
InfectedFish,Augmented,salmon_dis_52,salmon_dis_52__rotation__angle_10deg.jpg,train,Included in Train (Parent in Train),train\InfectedFish\salmon_dis_52__rotation__angle_10deg.jpg
InfectedFish,Augmented,salmon_dis_53,salmon_dis_53__brightness_reduction__factor_0p6.jpg,train,Included in Train (Parent in Train),train\InfectedFish\salmon_dis_53__brightness_reduction__factor_0p6.jpg
InfectedFish,Augmented,salmon_dis_53,salmon_dis_53__contrast_reduction__factor_0p7.jpg,train,Included in Train (Parent in Train),train\InfectedFish\salmon_dis_53__contrast_reduction__factor_0p7.jpg
InfectedFish,Augmented,salmon_dis_53,salmon_dis_53__gaussian_blur__sigma_2p2.jpg,train,Included in Train (Parent in Train),train\InfectedFish\salmon_dis_53__gaussian_blur__sigma_2p2.jpg
InfectedFish,Augmented,salmon_dis_53,salmon_dis_53__gaussian_noise__var_0p02.jpg,train,Included in Train (Parent in Train),train\InfectedFish\salmon_dis_53__gaussian_noise__var_0p02.jpg
InfectedFish,Augmented,salmon_dis_53,salmon_dis_53__mirror__axis_x.jpg,train,Included in Train (Parent in Train),train\InfectedFish\salmon_dis_53__mirror__axis_x.jpg
InfectedFish,Augmented,salmon_dis_53,salmon_dis_53__mirror__axis_y.jpg,train,Included in Train (Parent in Train),train\InfectedFish\salmon_dis_53__mirror__axis_y.jpg
InfectedFish,Augmented,salmon_dis_53,salmon_dis_53__motion_blur__kernel_11__angle_45deg.jpg,train,Included in Train (Parent in Train),train\InfectedFish\salmon_dis_53__motion_blur__kernel_11__angle_45deg.jpg
InfectedFish,Augmented,salmon_dis_53,salmon_dis_53__motion_blur__kernel_7__angle_0deg.jpg,train,Included in Train (Parent in Train),train\InfectedFish\salmon_dis_53__motion_blur__kernel_7__angle_0deg.jpg
InfectedFish,Augmented,salmon_dis_53,salmon_dis_53__motion_blur__kernel_9__angle_90deg.jpg,train,Included in Train (Parent in Train),train\InfectedFish\salmon_dis_53__motion_blur__kernel_9__angle_90deg.jpg
InfectedFish,Augmented,salmon_dis_53,salmon_dis_53__rotation__angle_-10deg.jpg,train,Included in Train (Parent in Train),train\InfectedFish\salmon_dis_53__rotation__angle_-10deg.jpg
InfectedFish,Augmented,salmon_dis_53,salmon_dis_53__rotation__angle_10deg.jpg,train,Included in Train (Parent in Train),train\InfectedFish\salmon_dis_53__rotation__angle_10deg.jpg
InfectedFish,Augmented,salmon_dis_54,salmon_dis_54__brightness_reduction__factor_0p6.jpg,ignored,Ignored (Parent in Test),None
InfectedFish,Augmented,salmon_dis_54,salmon_dis_54__contrast_reduction__factor_0p7.jpg,ignored,Ignored (Parent in Test),None
InfectedFish,Augmented,salmon_dis_54,salmon_dis_54__gaussian_blur__sigma_2p2.jpg,ignored,Ignored (Parent in Test),None
InfectedFish,Augmented,salmon_dis_54,salmon_dis_54__gaussian_noise__var_0p02.jpg,ignored,Ignored (Parent in Test),None
InfectedFish,Augmented,salmon_dis_54,salmon_dis_54__mirror__axis_x.jpg,ignored,Ignored (Parent in Test),None
InfectedFish,Augmented,salmon_dis_54,salmon_dis_54__mirror__axis_y.jpg,ignored,Ignored (Parent in Test),None
InfectedFish,Augmented,salmon_dis_54,salmon_dis_54__motion_blur__kernel_11__angle_45deg.jpg,ignored,Ignored (Parent in Test),None
InfectedFish,Augmented,salmon_dis_54,salmon_dis_54__motion_blur__kernel_7__angle_0deg.jpg,ignored,Ignored (Parent in Test),None
InfectedFish,Augmented,salmon_dis_54,salmon_dis_54__motion_blur__kernel_9__angle_90deg.jpg,ignored,Ignored (Parent in Test),None
InfectedFish,Augmented,salmon_dis_54,salmon_dis_54__rotation__angle_-10deg.jpg,ignored,Ignored (Parent in Test),None
InfectedFish,Augmented,salmon_dis_54,salmon_dis_54__rotation__angle_10deg.jpg,ignored,Ignored (Parent in Test),None
InfectedFish,Augmented,salmon_dis_55,salmon_dis_55__brightness_reduction__factor_0p6.jpg,ignored,Ignored (Parent in Test),None
InfectedFish,Augmented,salmon_dis_55,salmon_dis_55__contrast_reduction__factor_0p7.jpg,ignored,Ignored (Parent in Test),None
InfectedFish,Augmented,salmon_dis_55,salmon_dis_55__gaussian_blur__sigma_2p2.jpg,ignored,Ignored (Parent in Test),None
InfectedFish,Augmented,salmon_dis_55,salmon_dis_55__gaussian_noise__var_0p02.jpg,ignored,Ignored (Parent in Test),None
InfectedFish,Augmented,salmon_dis_55,salmon_dis_55__mirror__axis_x.jpg,ignored,Ignored (Parent in Test),None
InfectedFish,Augmented,salmon_dis_55,salmon_dis_55__mirror__axis_y.jpg,ignored,Ignored (Parent in Test),None
InfectedFish,Augmented,salmon_dis_55,salmon_dis_55__motion_blur__kernel_11__angle_45deg.jpg,ignored,Ignored (Parent in Test),None
InfectedFish,Augmented,salmon_dis_55,salmon_dis_55__motion_blur__kernel_7__angle_0deg.jpg,ignored,Ignored (Parent in Test),None
InfectedFish,Augmented,salmon_dis_55,salmon_dis_55__motion_blur__kernel_9__angle_90deg.jpg,ignored,Ignored (Parent in Test),None
InfectedFish,Augmented,salmon_dis_55,salmon_dis_55__rotation__angle_-10deg.jpg,ignored,Ignored (Parent in Test),None
InfectedFish,Augmented,salmon_dis_55,salmon_dis_55__rotation__angle_10deg.jpg,ignored,Ignored (Parent in Test),None
InfectedFish,Augmented,salmon_dis_56,salmon_dis_56__brightness_reduction__factor_0p6.jpg,train,Included in Train (Parent in Train),train\InfectedFish\salmon_dis_56__brightness_reduction__factor_0p6.jpg
InfectedFish,Augmented,salmon_dis_56,salmon_dis_56__contrast_reduction__factor_0p7.jpg,train,Included in Train (Parent in Train),train\InfectedFish\salmon_dis_56__contrast_reduction__factor_0p7.jpg
InfectedFish,Augmented,salmon_dis_56,salmon_dis_56__gaussian_blur__sigma_2p2.jpg,train,Included in Train (Parent in Train),train\InfectedFish\salmon_dis_56__gaussian_blur__sigma_2p2.jpg
InfectedFish,Augmented,salmon_dis_56,salmon_dis_56__gaussian_noise__var_0p02.jpg,train,Included in Train (Parent in Train),train\InfectedFish\salmon_dis_56__gaussian_noise__var_0p02.jpg
InfectedFish,Augmented,salmon_dis_56,salmon_dis_56__mirror__axis_x.jpg,train,Included in Train (Parent in Train),train\InfectedFish\salmon_dis_56__mirror__axis_x.jpg
InfectedFish,Augmented,salmon_dis_56,salmon_dis_56__mirror__axis_y.jpg,train,Included in Train (Parent in Train),train\InfectedFish\salmon_dis_56__mirror__axis_y.jpg
InfectedFish,Augmented,salmon_dis_56,salmon_dis_56__motion_blur__kernel_11__angle_45deg.jpg,train,Included in Train (Parent in Train),train\InfectedFish\salmon_dis_56__motion_blur__kernel_11__angle_45deg.jpg
InfectedFish,Augmented,salmon_dis_56,salmon_dis_56__motion_blur__kernel_7__angle_0deg.jpg,train,Included in Train (Parent in Train),train\InfectedFish\salmon_dis_56__motion_blur__kernel_7__angle_0deg.jpg
InfectedFish,Augmented,salmon_dis_56,salmon_dis_56__motion_blur__kernel_9__angle_90deg.jpg,train,Included in Train (Parent in Train),train\InfectedFish\salmon_dis_56__motion_blur__kernel_9__angle_90deg.jpg
InfectedFish,Augmented,salmon_dis_56,salmon_dis_56__rotation__angle_-10deg.jpg,train,Included in Train (Parent in Train),train\InfectedFish\salmon_dis_56__rotation__angle_-10deg.jpg
InfectedFish,Augmented,salmon_dis_56,salmon_dis_56__rotation__angle_10deg.jpg,train,Included in Train (Parent in Train),train\InfectedFish\salmon_dis_56__rotation__angle_10deg.jpg
InfectedFish,Augmented,salmon_dis_57,salmon_dis_57__brightness_reduction__factor_0p6.jpg,train,Included in Train (Parent in Train),train\InfectedFish\salmon_dis_57__brightness_reduction__factor_0p6.jpg
InfectedFish,Augmented,salmon_dis_57,salmon_dis_57__contrast_reduction__factor_0p7.jpg,train,Included in Train (Parent in Train),train\InfectedFish\salmon_dis_57__contrast_reduction__factor_0p7.jpg
InfectedFish,Augmented,salmon_dis_57,salmon_dis_57__gaussian_blur__sigma_2p2.jpg,train,Included in Train (Parent in Train),train\InfectedFish\salmon_dis_57__gaussian_blur__sigma_2p2.jpg
InfectedFish,Augmented,salmon_dis_57,salmon_dis_57__gaussian_noise__var_0p02.jpg,train,Included in Train (Parent in Train),train\InfectedFish\salmon_dis_57__gaussian_noise__var_0p02.jpg
InfectedFish,Augmented,salmon_dis_57,salmon_dis_57__mirror__axis_x.jpg,train,Included in Train (Parent in Train),train\InfectedFish\salmon_dis_57__mirror__axis_x.jpg
InfectedFish,Augmented,salmon_dis_57,salmon_dis_57__mirror__axis_y.jpg,train,Included in Train (Parent in Train),train\InfectedFish\salmon_dis_57__mirror__axis_y.jpg
InfectedFish,Augmented,salmon_dis_57,salmon_dis_57__motion_blur__kernel_11__angle_45deg.jpg,train,Included in Train (Parent in Train),train\InfectedFish\salmon_dis_57__motion_blur__kernel_11__angle_45deg.jpg
InfectedFish,Augmented,salmon_dis_57,salmon_dis_57__motion_blur__kernel_7__angle_0deg.jpg,train,Included in Train (Parent in Train),train\InfectedFish\salmon_dis_57__motion_blur__kernel_7__angle_0deg.jpg
InfectedFish,Augmented,salmon_dis_57,salmon_dis_57__motion_blur__kernel_9__angle_90deg.jpg,train,Included in Train (Parent in Train),train\InfectedFish\salmon_dis_57__motion_blur__kernel_9__angle_90deg.jpg
InfectedFish,Augmented,salmon_dis_57,salmon_dis_57__rotation__angle_-10deg.jpg,train,Included in Train (Parent in Train),train\InfectedFish\salmon_dis_57__rotation__angle_-10deg.jpg
InfectedFish,Augmented,salmon_dis_57,salmon_dis_57__rotation__angle_10deg.jpg,train,Included in Train (Parent in Train),train\InfectedFish\salmon_dis_57__rotation__angle_10deg.jpg
InfectedFish,Augmented,salmon_dis_58,salmon_dis_58__brightness_reduction__factor_0p6.jpg,ignored,Ignored (Parent in Test),None
InfectedFish,Augmented,salmon_dis_58,salmon_dis_58__contrast_reduction__factor_0p7.jpg,ignored,Ignored (Parent in Test),None
InfectedFish,Augmented,salmon_dis_58,salmon_dis_58__gaussian_blur__sigma_2p2.jpg,ignored,Ignored (Parent in Test),None
InfectedFish,Augmented,salmon_dis_58,salmon_dis_58__gaussian_noise__var_0p02.jpg,ignored,Ignored (Parent in Test),None
InfectedFish,Augmented,salmon_dis_58,salmon_dis_58__mirror__axis_x.jpg,ignored,Ignored (Parent in Test),None
InfectedFish,Augmented,salmon_dis_58,salmon_dis_58__mirror__axis_y.jpg,ignored,Ignored (Parent in Test),None
InfectedFish,Augmented,salmon_dis_58,salmon_dis_58__motion_blur__kernel_11__angle_45deg.jpg,ignored,Ignored (Parent in Test),None
InfectedFish,Augmented,salmon_dis_58,salmon_dis_58__motion_blur__kernel_7__angle_0deg.jpg,ignored,Ignored (Parent in Test),None
InfectedFish,Augmented,salmon_dis_58,salmon_dis_58__motion_blur__kernel_9__angle_90deg.jpg,ignored,Ignored (Parent in Test),None
InfectedFish,Augmented,salmon_dis_58,salmon_dis_58__rotation__angle_-10deg.jpg,ignored,Ignored (Parent in Test),None
InfectedFish,Augmented,salmon_dis_58,salmon_dis_58__rotation__angle_10deg.jpg,ignored,Ignored (Parent in Test),None
InfectedFish,Augmented,salmon_dis_59,salmon_dis_59__brightness_reduction__factor_0p6.jpg,train,Included in Train (Parent in Train),train\InfectedFish\salmon_dis_59__brightness_reduction__factor_0p6.jpg
InfectedFish,Augmented,salmon_dis_59,salmon_dis_59__contrast_reduction__factor_0p7.jpg,train,Included in Train (Parent in Train),train\InfectedFish\salmon_dis_59__contrast_reduction__factor_0p7.jpg
InfectedFish,Augmented,salmon_dis_59,salmon_dis_59__gaussian_blur__sigma_2p2.jpg,train,Included in Train (Parent in Train),train\InfectedFish\salmon_dis_59__gaussian_blur__sigma_2p2.jpg
InfectedFish,Augmented,salmon_dis_59,salmon_dis_59__gaussian_noise__var_0p02.jpg,train,Included in Train (Parent in Train),train\InfectedFish\salmon_dis_59__gaussian_noise__var_0p02.jpg
InfectedFish,Augmented,salmon_dis_59,salmon_dis_59__mirror__axis_x.jpg,train,Included in Train (Parent in Train),train\InfectedFish\salmon_dis_59__mirror__axis_x.jpg
InfectedFish,Augmented,salmon_dis_59,salmon_dis_59__mirror__axis_y.jpg,train,Included in Train (Parent in Train),train\InfectedFish\salmon_dis_59__mirror__axis_y.jpg
InfectedFish,Augmented,salmon_dis_59,salmon_dis_59__motion_blur__kernel_11__angle_45deg.jpg,train,Included in Train (Parent in Train),train\InfectedFish\salmon_dis_59__motion_blur__kernel_11__angle_45deg.jpg
InfectedFish,Augmented,salmon_dis_59,salmon_dis_59__motion_blur__kernel_7__angle_0deg.jpg,train,Included in Train (Parent in Train),train\InfectedFish\salmon_dis_59__motion_blur__kernel_7__angle_0deg.jpg
InfectedFish,Augmented,salmon_dis_59,salmon_dis_59__motion_blur__kernel_9__angle_90deg.jpg,train,Included in Train (Parent in Train),train\InfectedFish\salmon_dis_59__motion_blur__kernel_9__angle_90deg.jpg
InfectedFish,Augmented,salmon_dis_59,salmon_dis_59__rotation__angle_-10deg.jpg,train,Included in Train (Parent in Train),train\InfectedFish\salmon_dis_59__rotation__angle_-10deg.jpg
InfectedFish,Augmented,salmon_dis_59,salmon_dis_59__rotation__angle_10deg.jpg,train,Included in Train (Parent in Train),train\InfectedFish\salmon_dis_59__rotation__angle_10deg.jpg
InfectedFish,Augmented,salmon_dis_60,salmon_dis_60__brightness_reduction__factor_0p6.jpg,train,Included in Train (Parent in Train),train\InfectedFish\salmon_dis_60__brightness_reduction__factor_0p6.jpg
InfectedFish,Augmented,salmon_dis_60,salmon_dis_60__contrast_reduction__factor_0p7.jpg,train,Included in Train (Parent in Train),train\InfectedFish\salmon_dis_60__contrast_reduction__factor_0p7.jpg
InfectedFish,Augmented,salmon_dis_60,salmon_dis_60__gaussian_blur__sigma_2p2.jpg,train,Included in Train (Parent in Train),train\InfectedFish\salmon_dis_60__gaussian_blur__sigma_2p2.jpg
InfectedFish,Augmented,salmon_dis_60,salmon_dis_60__gaussian_noise__var_0p02.jpg,train,Included in Train (Parent in Train),train\InfectedFish\salmon_dis_60__gaussian_noise__var_0p02.jpg
InfectedFish,Augmented,salmon_dis_60,salmon_dis_60__mirror__axis_x.jpg,train,Included in Train (Parent in Train),train\InfectedFish\salmon_dis_60__mirror__axis_x.jpg
InfectedFish,Augmented,salmon_dis_60,salmon_dis_60__mirror__axis_y.jpg,train,Included in Train (Parent in Train),train\InfectedFish\salmon_dis_60__mirror__axis_y.jpg
InfectedFish,Augmented,salmon_dis_60,salmon_dis_60__motion_blur__kernel_11__angle_45deg.jpg,train,Included in Train (Parent in Train),train\InfectedFish\salmon_dis_60__motion_blur__kernel_11__angle_45deg.jpg
InfectedFish,Augmented,salmon_dis_60,salmon_dis_60__motion_blur__kernel_7__angle_0deg.jpg,train,Included in Train (Parent in Train),train\InfectedFish\salmon_dis_60__motion_blur__kernel_7__angle_0deg.jpg
InfectedFish,Augmented,salmon_dis_60,salmon_dis_60__motion_blur__kernel_9__angle_90deg.jpg,train,Included in Train (Parent in Train),train\InfectedFish\salmon_dis_60__motion_blur__kernel_9__angle_90deg.jpg
InfectedFish,Augmented,salmon_dis_60,salmon_dis_60__rotation__angle_-10deg.jpg,train,Included in Train (Parent in Train),train\InfectedFish\salmon_dis_60__rotation__angle_-10deg.jpg
InfectedFish,Augmented,salmon_dis_60,salmon_dis_60__rotation__angle_10deg.jpg,train,Included in Train (Parent in Train),train\InfectedFish\salmon_dis_60__rotation__angle_10deg.jpg
InfectedFish,Augmented,salmon_dis_61,salmon_dis_61__brightness_reduction__factor_0p6.jpg,train,Included in Train (Parent in Train),train\InfectedFish\salmon_dis_61__brightness_reduction__factor_0p6.jpg
InfectedFish,Augmented,salmon_dis_61,salmon_dis_61__contrast_reduction__factor_0p7.jpg,train,Included in Train (Parent in Train),train\InfectedFish\salmon_dis_61__contrast_reduction__factor_0p7.jpg
InfectedFish,Augmented,salmon_dis_61,salmon_dis_61__gaussian_blur__sigma_2p2.jpg,train,Included in Train (Parent in Train),train\InfectedFish\salmon_dis_61__gaussian_blur__sigma_2p2.jpg
InfectedFish,Augmented,salmon_dis_61,salmon_dis_61__gaussian_noise__var_0p02.jpg,train,Included in Train (Parent in Train),train\InfectedFish\salmon_dis_61__gaussian_noise__var_0p02.jpg
InfectedFish,Augmented,salmon_dis_61,salmon_dis_61__mirror__axis_x.jpg,train,Included in Train (Parent in Train),train\InfectedFish\salmon_dis_61__mirror__axis_x.jpg
InfectedFish,Augmented,salmon_dis_61,salmon_dis_61__mirror__axis_y.jpg,train,Included in Train (Parent in Train),train\InfectedFish\salmon_dis_61__mirror__axis_y.jpg
InfectedFish,Augmented,salmon_dis_61,salmon_dis_61__motion_blur__kernel_11__angle_45deg.jpg,train,Included in Train (Parent in Train),train\InfectedFish\salmon_dis_61__motion_blur__kernel_11__angle_45deg.jpg
InfectedFish,Augmented,salmon_dis_61,salmon_dis_61__motion_blur__kernel_7__angle_0deg.jpg,train,Included in Train (Parent in Train),train\InfectedFish\salmon_dis_61__motion_blur__kernel_7__angle_0deg.jpg
InfectedFish,Augmented,salmon_dis_61,salmon_dis_61__motion_blur__kernel_9__angle_90deg.jpg,train,Included in Train (Parent in Train),train\InfectedFish\salmon_dis_61__motion_blur__kernel_9__angle_90deg.jpg
InfectedFish,Augmented,salmon_dis_61,salmon_dis_61__rotation__angle_-10deg.jpg,train,Included in Train (Parent in Train),train\InfectedFish\salmon_dis_61__rotation__angle_-10deg.jpg
InfectedFish,Augmented,salmon_dis_61,salmon_dis_61__rotation__angle_10deg.jpg,train,Included in Train (Parent in Train),train\InfectedFish\salmon_dis_61__rotation__angle_10deg.jpg
InfectedFish,Augmented,salmon_dis_62,salmon_dis_62__brightness_reduction__factor_0p6.jpg,train,Included in Train (Parent in Train),train\InfectedFish\salmon_dis_62__brightness_reduction__factor_0p6.jpg
InfectedFish,Augmented,salmon_dis_62,salmon_dis_62__contrast_reduction__factor_0p7.jpg,train,Included in Train (Parent in Train),train\InfectedFish\salmon_dis_62__contrast_reduction__factor_0p7.jpg
InfectedFish,Augmented,salmon_dis_62,salmon_dis_62__gaussian_blur__sigma_2p2.jpg,train,Included in Train (Parent in Train),train\InfectedFish\salmon_dis_62__gaussian_blur__sigma_2p2.jpg
InfectedFish,Augmented,salmon_dis_62,salmon_dis_62__gaussian_noise__var_0p02.jpg,train,Included in Train (Parent in Train),train\InfectedFish\salmon_dis_62__gaussian_noise__var_0p02.jpg
InfectedFish,Augmented,salmon_dis_62,salmon_dis_62__mirror__axis_x.jpg,train,Included in Train (Parent in Train),train\InfectedFish\salmon_dis_62__mirror__axis_x.jpg
InfectedFish,Augmented,salmon_dis_62,salmon_dis_62__mirror__axis_y.jpg,train,Included in Train (Parent in Train),train\InfectedFish\salmon_dis_62__mirror__axis_y.jpg
InfectedFish,Augmented,salmon_dis_62,salmon_dis_62__motion_blur__kernel_11__angle_45deg.jpg,train,Included in Train (Parent in Train),train\InfectedFish\salmon_dis_62__motion_blur__kernel_11__angle_45deg.jpg
InfectedFish,Augmented,salmon_dis_62,salmon_dis_62__motion_blur__kernel_7__angle_0deg.jpg,train,Included in Train (Parent in Train),train\InfectedFish\salmon_dis_62__motion_blur__kernel_7__angle_0deg.jpg
InfectedFish,Augmented,salmon_dis_62,salmon_dis_62__motion_blur__kernel_9__angle_90deg.jpg,train,Included in Train (Parent in Train),train\InfectedFish\salmon_dis_62__motion_blur__kernel_9__angle_90deg.jpg
InfectedFish,Augmented,salmon_dis_62,salmon_dis_62__rotation__angle_-10deg.jpg,train,Included in Train (Parent in Train),train\InfectedFish\salmon_dis_62__rotation__angle_-10deg.jpg
InfectedFish,Augmented,salmon_dis_62,salmon_dis_62__rotation__angle_10deg.jpg,train,Included in Train (Parent in Train),train\InfectedFish\salmon_dis_62__rotation__angle_10deg.jpg
InfectedFish,Augmented,salmon_dis_63,salmon_dis_63__brightness_reduction__factor_0p6.jpg,train,Included in Train (Parent in Train),train\InfectedFish\salmon_dis_63__brightness_reduction__factor_0p6.jpg
InfectedFish,Augmented,salmon_dis_63,salmon_dis_63__contrast_reduction__factor_0p7.jpg,train,Included in Train (Parent in Train),train\InfectedFish\salmon_dis_63__contrast_reduction__factor_0p7.jpg
InfectedFish,Augmented,salmon_dis_63,salmon_dis_63__gaussian_blur__sigma_2p2.jpg,train,Included in Train (Parent in Train),train\InfectedFish\salmon_dis_63__gaussian_blur__sigma_2p2.jpg
InfectedFish,Augmented,salmon_dis_63,salmon_dis_63__gaussian_noise__var_0p02.jpg,train,Included in Train (Parent in Train),train\InfectedFish\salmon_dis_63__gaussian_noise__var_0p02.jpg
InfectedFish,Augmented,salmon_dis_63,salmon_dis_63__mirror__axis_x.jpg,train,Included in Train (Parent in Train),train\InfectedFish\salmon_dis_63__mirror__axis_x.jpg
InfectedFish,Augmented,salmon_dis_63,salmon_dis_63__mirror__axis_y.jpg,train,Included in Train (Parent in Train),train\InfectedFish\salmon_dis_63__mirror__axis_y.jpg
InfectedFish,Augmented,salmon_dis_63,salmon_dis_63__motion_blur__kernel_11__angle_45deg.jpg,train,Included in Train (Parent in Train),train\InfectedFish\salmon_dis_63__motion_blur__kernel_11__angle_45deg.jpg
InfectedFish,Augmented,salmon_dis_63,salmon_dis_63__motion_blur__kernel_7__angle_0deg.jpg,train,Included in Train (Parent in Train),train\InfectedFish\salmon_dis_63__motion_blur__kernel_7__angle_0deg.jpg
InfectedFish,Augmented,salmon_dis_63,salmon_dis_63__motion_blur__kernel_9__angle_90deg.jpg,train,Included in Train (Parent in Train),train\InfectedFish\salmon_dis_63__motion_blur__kernel_9__angle_90deg.jpg
InfectedFish,Augmented,salmon_dis_63,salmon_dis_63__rotation__angle_-10deg.jpg,train,Included in Train (Parent in Train),train\InfectedFish\salmon_dis_63__rotation__angle_-10deg.jpg
InfectedFish,Augmented,salmon_dis_63,salmon_dis_63__rotation__angle_10deg.jpg,train,Included in Train (Parent in Train),train\InfectedFish\salmon_dis_63__rotation__angle_10deg.jpg
InfectedFish,Augmented,salmon_dis_64,salmon_dis_64__brightness_reduction__factor_0p6.jpg,train,Included in Train (Parent in Train),train\InfectedFish\salmon_dis_64__brightness_reduction__factor_0p6.jpg
InfectedFish,Augmented,salmon_dis_64,salmon_dis_64__contrast_reduction__factor_0p7.jpg,train,Included in Train (Parent in Train),train\InfectedFish\salmon_dis_64__contrast_reduction__factor_0p7.jpg
InfectedFish,Augmented,salmon_dis_64,salmon_dis_64__gaussian_blur__sigma_2p2.jpg,train,Included in Train (Parent in Train),train\InfectedFish\salmon_dis_64__gaussian_blur__sigma_2p2.jpg
InfectedFish,Augmented,salmon_dis_64,salmon_dis_64__gaussian_noise__var_0p02.jpg,train,Included in Train (Parent in Train),train\InfectedFish\salmon_dis_64__gaussian_noise__var_0p02.jpg
InfectedFish,Augmented,salmon_dis_64,salmon_dis_64__mirror__axis_x.jpg,train,Included in Train (Parent in Train),train\InfectedFish\salmon_dis_64__mirror__axis_x.jpg
InfectedFish,Augmented,salmon_dis_64,salmon_dis_64__mirror__axis_y.jpg,train,Included in Train (Parent in Train),train\InfectedFish\salmon_dis_64__mirror__axis_y.jpg
InfectedFish,Augmented,salmon_dis_64,salmon_dis_64__motion_blur__kernel_11__angle_45deg.jpg,train,Included in Train (Parent in Train),train\InfectedFish\salmon_dis_64__motion_blur__kernel_11__angle_45deg.jpg
InfectedFish,Augmented,salmon_dis_64,salmon_dis_64__motion_blur__kernel_7__angle_0deg.jpg,train,Included in Train (Parent in Train),train\InfectedFish\salmon_dis_64__motion_blur__kernel_7__angle_0deg.jpg
InfectedFish,Augmented,salmon_dis_64,salmon_dis_64__motion_blur__kernel_9__angle_90deg.jpg,train,Included in Train (Parent in Train),train\InfectedFish\salmon_dis_64__motion_blur__kernel_9__angle_90deg.jpg
InfectedFish,Augmented,salmon_dis_64,salmon_dis_64__rotation__angle_-10deg.jpg,train,Included in Train (Parent in Train),train\InfectedFish\salmon_dis_64__rotation__angle_-10deg.jpg
InfectedFish,Augmented,salmon_dis_64,salmon_dis_64__rotation__angle_10deg.jpg,train,Included in Train (Parent in Train),train\InfectedFish\salmon_dis_64__rotation__angle_10deg.jpg
InfectedFish,Augmented,salmon_dis_65,salmon_dis_65__brightness_reduction__factor_0p6.jpg,train,Included in Train (Parent in Train),train\InfectedFish\salmon_dis_65__brightness_reduction__factor_0p6.jpg
InfectedFish,Augmented,salmon_dis_65,salmon_dis_65__contrast_reduction__factor_0p7.jpg,train,Included in Train (Parent in Train),train\InfectedFish\salmon_dis_65__contrast_reduction__factor_0p7.jpg
InfectedFish,Augmented,salmon_dis_65,salmon_dis_65__gaussian_blur__sigma_2p2.jpg,train,Included in Train (Parent in Train),train\InfectedFish\salmon_dis_65__gaussian_blur__sigma_2p2.jpg
InfectedFish,Augmented,salmon_dis_65,salmon_dis_65__gaussian_noise__var_0p02.jpg,train,Included in Train (Parent in Train),train\InfectedFish\salmon_dis_65__gaussian_noise__var_0p02.jpg
InfectedFish,Augmented,salmon_dis_65,salmon_dis_65__mirror__axis_x.jpg,train,Included in Train (Parent in Train),train\InfectedFish\salmon_dis_65__mirror__axis_x.jpg
InfectedFish,Augmented,salmon_dis_65,salmon_dis_65__mirror__axis_y.jpg,train,Included in Train (Parent in Train),train\InfectedFish\salmon_dis_65__mirror__axis_y.jpg
InfectedFish,Augmented,salmon_dis_65,salmon_dis_65__motion_blur__kernel_11__angle_45deg.jpg,train,Included in Train (Parent in Train),train\InfectedFish\salmon_dis_65__motion_blur__kernel_11__angle_45deg.jpg
InfectedFish,Augmented,salmon_dis_65,salmon_dis_65__motion_blur__kernel_7__angle_0deg.jpg,train,Included in Train (Parent in Train),train\InfectedFish\salmon_dis_65__motion_blur__kernel_7__angle_0deg.jpg
InfectedFish,Augmented,salmon_dis_65,salmon_dis_65__motion_blur__kernel_9__angle_90deg.jpg,train,Included in Train (Parent in Train),train\InfectedFish\salmon_dis_65__motion_blur__kernel_9__angle_90deg.jpg
InfectedFish,Augmented,salmon_dis_65,salmon_dis_65__rotation__angle_-10deg.jpg,train,Included in Train (Parent in Train),train\InfectedFish\salmon_dis_65__rotation__angle_-10deg.jpg
InfectedFish,Augmented,salmon_dis_65,salmon_dis_65__rotation__angle_10deg.jpg,train,Included in Train (Parent in Train),train\InfectedFish\salmon_dis_65__rotation__angle_10deg.jpg
InfectedFish,Augmented,salmon_dis_66,salmon_dis_66__brightness_reduction__factor_0p6.jpg,train,Included in Train (Parent in Train),train\InfectedFish\salmon_dis_66__brightness_reduction__factor_0p6.jpg
InfectedFish,Augmented,salmon_dis_66,salmon_dis_66__contrast_reduction__factor_0p7.jpg,train,Included in Train (Parent in Train),train\InfectedFish\salmon_dis_66__contrast_reduction__factor_0p7.jpg
InfectedFish,Augmented,salmon_dis_66,salmon_dis_66__gaussian_blur__sigma_2p2.jpg,train,Included in Train (Parent in Train),train\InfectedFish\salmon_dis_66__gaussian_blur__sigma_2p2.jpg
InfectedFish,Augmented,salmon_dis_66,salmon_dis_66__gaussian_noise__var_0p02.jpg,train,Included in Train (Parent in Train),train\InfectedFish\salmon_dis_66__gaussian_noise__var_0p02.jpg
InfectedFish,Augmented,salmon_dis_66,salmon_dis_66__mirror__axis_x.jpg,train,Included in Train (Parent in Train),train\InfectedFish\salmon_dis_66__mirror__axis_x.jpg
InfectedFish,Augmented,salmon_dis_66,salmon_dis_66__mirror__axis_y.jpg,train,Included in Train (Parent in Train),train\InfectedFish\salmon_dis_66__mirror__axis_y.jpg
InfectedFish,Augmented,salmon_dis_66,salmon_dis_66__motion_blur__kernel_11__angle_45deg.jpg,train,Included in Train (Parent in Train),train\InfectedFish\salmon_dis_66__motion_blur__kernel_11__angle_45deg.jpg
InfectedFish,Augmented,salmon_dis_66,salmon_dis_66__motion_blur__kernel_7__angle_0deg.jpg,train,Included in Train (Parent in Train),train\InfectedFish\salmon_dis_66__motion_blur__kernel_7__angle_0deg.jpg
InfectedFish,Augmented,salmon_dis_66,salmon_dis_66__motion_blur__kernel_9__angle_90deg.jpg,train,Included in Train (Parent in Train),train\InfectedFish\salmon_dis_66__motion_blur__kernel_9__angle_90deg.jpg
InfectedFish,Augmented,salmon_dis_66,salmon_dis_66__rotation__angle_-10deg.jpg,train,Included in Train (Parent in Train),train\InfectedFish\salmon_dis_66__rotation__angle_-10deg.jpg
InfectedFish,Augmented,salmon_dis_66,salmon_dis_66__rotation__angle_10deg.jpg,train,Included in Train (Parent in Train),train\InfectedFish\salmon_dis_66__rotation__angle_10deg.jpg
InfectedFish,Augmented,salmon_dis_67,salmon_dis_67__brightness_reduction__factor_0p6.jpg,train,Included in Train (Parent in Train),train\InfectedFish\salmon_dis_67__brightness_reduction__factor_0p6.jpg
InfectedFish,Augmented,salmon_dis_67,salmon_dis_67__contrast_reduction__factor_0p7.jpg,train,Included in Train (Parent in Train),train\InfectedFish\salmon_dis_67__contrast_reduction__factor_0p7.jpg
InfectedFish,Augmented,salmon_dis_67,salmon_dis_67__gaussian_blur__sigma_2p2.jpg,train,Included in Train (Parent in Train),train\InfectedFish\salmon_dis_67__gaussian_blur__sigma_2p2.jpg
InfectedFish,Augmented,salmon_dis_67,salmon_dis_67__gaussian_noise__var_0p02.jpg,train,Included in Train (Parent in Train),train\InfectedFish\salmon_dis_67__gaussian_noise__var_0p02.jpg
InfectedFish,Augmented,salmon_dis_67,salmon_dis_67__mirror__axis_x.jpg,train,Included in Train (Parent in Train),train\InfectedFish\salmon_dis_67__mirror__axis_x.jpg
InfectedFish,Augmented,salmon_dis_67,salmon_dis_67__mirror__axis_y.jpg,train,Included in Train (Parent in Train),train\InfectedFish\salmon_dis_67__mirror__axis_y.jpg
InfectedFish,Augmented,salmon_dis_67,salmon_dis_67__motion_blur__kernel_11__angle_45deg.jpg,train,Included in Train (Parent in Train),train\InfectedFish\salmon_dis_67__motion_blur__kernel_11__angle_45deg.jpg
InfectedFish,Augmented,salmon_dis_67,salmon_dis_67__motion_blur__kernel_7__angle_0deg.jpg,train,Included in Train (Parent in Train),train\InfectedFish\salmon_dis_67__motion_blur__kernel_7__angle_0deg.jpg
InfectedFish,Augmented,salmon_dis_67,salmon_dis_67__motion_blur__kernel_9__angle_90deg.jpg,train,Included in Train (Parent in Train),train\InfectedFish\salmon_dis_67__motion_blur__kernel_9__angle_90deg.jpg
InfectedFish,Augmented,salmon_dis_67,salmon_dis_67__rotation__angle_-10deg.jpg,train,Included in Train (Parent in Train),train\InfectedFish\salmon_dis_67__rotation__angle_-10deg.jpg
InfectedFish,Augmented,salmon_dis_67,salmon_dis_67__rotation__angle_10deg.jpg,train,Included in Train (Parent in Train),train\InfectedFish\salmon_dis_67__rotation__angle_10deg.jpg
InfectedFish,Augmented,salmon_dis_68,salmon_dis_68__brightness_reduction__factor_0p6.jpg,train,Included in Train (Parent in Train),train\InfectedFish\salmon_dis_68__brightness_reduction__factor_0p6.jpg
InfectedFish,Augmented,salmon_dis_68,salmon_dis_68__contrast_reduction__factor_0p7.jpg,train,Included in Train (Parent in Train),train\InfectedFish\salmon_dis_68__contrast_reduction__factor_0p7.jpg
InfectedFish,Augmented,salmon_dis_68,salmon_dis_68__gaussian_blur__sigma_2p2.jpg,train,Included in Train (Parent in Train),train\InfectedFish\salmon_dis_68__gaussian_blur__sigma_2p2.jpg
InfectedFish,Augmented,salmon_dis_68,salmon_dis_68__gaussian_noise__var_0p02.jpg,train,Included in Train (Parent in Train),train\InfectedFish\salmon_dis_68__gaussian_noise__var_0p02.jpg
InfectedFish,Augmented,salmon_dis_68,salmon_dis_68__mirror__axis_x.jpg,train,Included in Train (Parent in Train),train\InfectedFish\salmon_dis_68__mirror__axis_x.jpg
InfectedFish,Augmented,salmon_dis_68,salmon_dis_68__mirror__axis_y.jpg,train,Included in Train (Parent in Train),train\InfectedFish\salmon_dis_68__mirror__axis_y.jpg
InfectedFish,Augmented,salmon_dis_68,salmon_dis_68__motion_blur__kernel_11__angle_45deg.jpg,train,Included in Train (Parent in Train),train\InfectedFish\salmon_dis_68__motion_blur__kernel_11__angle_45deg.jpg
InfectedFish,Augmented,salmon_dis_68,salmon_dis_68__motion_blur__kernel_7__angle_0deg.jpg,train,Included in Train (Parent in Train),train\InfectedFish\salmon_dis_68__motion_blur__kernel_7__angle_0deg.jpg
InfectedFish,Augmented,salmon_dis_68,salmon_dis_68__motion_blur__kernel_9__angle_90deg.jpg,train,Included in Train (Parent in Train),train\InfectedFish\salmon_dis_68__motion_blur__kernel_9__angle_90deg.jpg
InfectedFish,Augmented,salmon_dis_68,salmon_dis_68__rotation__angle_-10deg.jpg,train,Included in Train (Parent in Train),train\InfectedFish\salmon_dis_68__rotation__angle_-10deg.jpg
InfectedFish,Augmented,salmon_dis_68,salmon_dis_68__rotation__angle_10deg.jpg,train,Included in Train (Parent in Train),train\InfectedFish\salmon_dis_68__rotation__angle_10deg.jpg
InfectedFish,Augmented,salmon_dis_69,salmon_dis_69__brightness_reduction__factor_0p6.jpg,train,Included in Train (Parent in Train),train\InfectedFish\salmon_dis_69__brightness_reduction__factor_0p6.jpg
InfectedFish,Augmented,salmon_dis_69,salmon_dis_69__contrast_reduction__factor_0p7.jpg,train,Included in Train (Parent in Train),train\InfectedFish\salmon_dis_69__contrast_reduction__factor_0p7.jpg
InfectedFish,Augmented,salmon_dis_69,salmon_dis_69__gaussian_blur__sigma_2p2.jpg,train,Included in Train (Parent in Train),train\InfectedFish\salmon_dis_69__gaussian_blur__sigma_2p2.jpg
InfectedFish,Augmented,salmon_dis_69,salmon_dis_69__gaussian_noise__var_0p02.jpg,train,Included in Train (Parent in Train),train\InfectedFish\salmon_dis_69__gaussian_noise__var_0p02.jpg
InfectedFish,Augmented,salmon_dis_69,salmon_dis_69__mirror__axis_x.jpg,train,Included in Train (Parent in Train),train\InfectedFish\salmon_dis_69__mirror__axis_x.jpg
InfectedFish,Augmented,salmon_dis_69,salmon_dis_69__mirror__axis_y.jpg,train,Included in Train (Parent in Train),train\InfectedFish\salmon_dis_69__mirror__axis_y.jpg
InfectedFish,Augmented,salmon_dis_69,salmon_dis_69__motion_blur__kernel_11__angle_45deg.jpg,train,Included in Train (Parent in Train),train\InfectedFish\salmon_dis_69__motion_blur__kernel_11__angle_45deg.jpg
InfectedFish,Augmented,salmon_dis_69,salmon_dis_69__motion_blur__kernel_7__angle_0deg.jpg,train,Included in Train (Parent in Train),train\InfectedFish\salmon_dis_69__motion_blur__kernel_7__angle_0deg.jpg
InfectedFish,Augmented,salmon_dis_69,salmon_dis_69__motion_blur__kernel_9__angle_90deg.jpg,train,Included in Train (Parent in Train),train\InfectedFish\salmon_dis_69__motion_blur__kernel_9__angle_90deg.jpg
InfectedFish,Augmented,salmon_dis_69,salmon_dis_69__rotation__angle_-10deg.jpg,train,Included in Train (Parent in Train),train\InfectedFish\salmon_dis_69__rotation__angle_-10deg.jpg
InfectedFish,Augmented,salmon_dis_69,salmon_dis_69__rotation__angle_10deg.jpg,train,Included in Train (Parent in Train),train\InfectedFish\salmon_dis_69__rotation__angle_10deg.jpg
InfectedFish,Augmented,salmon_dis_70,salmon_dis_70__brightness_reduction__factor_0p6.jpg,ignored,Ignored (Parent in Test),None
InfectedFish,Augmented,salmon_dis_70,salmon_dis_70__contrast_reduction__factor_0p7.jpg,ignored,Ignored (Parent in Test),None
InfectedFish,Augmented,salmon_dis_70,salmon_dis_70__gaussian_blur__sigma_2p2.jpg,ignored,Ignored (Parent in Test),None
InfectedFish,Augmented,salmon_dis_70,salmon_dis_70__gaussian_noise__var_0p02.jpg,ignored,Ignored (Parent in Test),None
InfectedFish,Augmented,salmon_dis_70,salmon_dis_70__mirror__axis_x.jpg,ignored,Ignored (Parent in Test),None
InfectedFish,Augmented,salmon_dis_70,salmon_dis_70__mirror__axis_y.jpg,ignored,Ignored (Parent in Test),None
InfectedFish,Augmented,salmon_dis_70,salmon_dis_70__motion_blur__kernel_11__angle_45deg.jpg,ignored,Ignored (Parent in Test),None
InfectedFish,Augmented,salmon_dis_70,salmon_dis_70__motion_blur__kernel_7__angle_0deg.jpg,ignored,Ignored (Parent in Test),None
InfectedFish,Augmented,salmon_dis_70,salmon_dis_70__motion_blur__kernel_9__angle_90deg.jpg,ignored,Ignored (Parent in Test),None
InfectedFish,Augmented,salmon_dis_70,salmon_dis_70__rotation__angle_-10deg.jpg,ignored,Ignored (Parent in Test),None
InfectedFish,Augmented,salmon_dis_70,salmon_dis_70__rotation__angle_10deg.jpg,ignored,Ignored (Parent in Test),None
InfectedFish,Augmented,salmon_dis_71,salmon_dis_71__brightness_reduction__factor_0p6.jpg,train,Included in Train (Parent in Train),train\InfectedFish\salmon_dis_71__brightness_reduction__factor_0p6.jpg
InfectedFish,Augmented,salmon_dis_71,salmon_dis_71__contrast_reduction__factor_0p7.jpg,train,Included in Train (Parent in Train),train\InfectedFish\salmon_dis_71__contrast_reduction__factor_0p7.jpg
InfectedFish,Augmented,salmon_dis_71,salmon_dis_71__gaussian_blur__sigma_2p2.jpg,train,Included in Train (Parent in Train),train\InfectedFish\salmon_dis_71__gaussian_blur__sigma_2p2.jpg
InfectedFish,Augmented,salmon_dis_71,salmon_dis_71__gaussian_noise__var_0p02.jpg,train,Included in Train (Parent in Train),train\InfectedFish\salmon_dis_71__gaussian_noise__var_0p02.jpg
InfectedFish,Augmented,salmon_dis_71,salmon_dis_71__mirror__axis_x.jpg,train,Included in Train (Parent in Train),train\InfectedFish\salmon_dis_71__mirror__axis_x.jpg
InfectedFish,Augmented,salmon_dis_71,salmon_dis_71__mirror__axis_y.jpg,train,Included in Train (Parent in Train),train\InfectedFish\salmon_dis_71__mirror__axis_y.jpg
InfectedFish,Augmented,salmon_dis_71,salmon_dis_71__motion_blur__kernel_11__angle_45deg.jpg,train,Included in Train (Parent in Train),train\InfectedFish\salmon_dis_71__motion_blur__kernel_11__angle_45deg.jpg
InfectedFish,Augmented,salmon_dis_71,salmon_dis_71__motion_blur__kernel_7__angle_0deg.jpg,train,Included in Train (Parent in Train),train\InfectedFish\salmon_dis_71__motion_blur__kernel_7__angle_0deg.jpg
InfectedFish,Augmented,salmon_dis_71,salmon_dis_71__motion_blur__kernel_9__angle_90deg.jpg,train,Included in Train (Parent in Train),train\InfectedFish\salmon_dis_71__motion_blur__kernel_9__angle_90deg.jpg
InfectedFish,Augmented,salmon_dis_71,salmon_dis_71__rotation__angle_-10deg.jpg,train,Included in Train (Parent in Train),train\InfectedFish\salmon_dis_71__rotation__angle_-10deg.jpg
InfectedFish,Augmented,salmon_dis_71,salmon_dis_71__rotation__angle_10deg.jpg,train,Included in Train (Parent in Train),train\InfectedFish\salmon_dis_71__rotation__angle_10deg.jpg
InfectedFish,Augmented,salmon_dis_72,salmon_dis_72__brightness_reduction__factor_0p6.jpg,train,Included in Train (Parent in Train),train\InfectedFish\salmon_dis_72__brightness_reduction__factor_0p6.jpg
InfectedFish,Augmented,salmon_dis_72,salmon_dis_72__contrast_reduction__factor_0p7.jpg,train,Included in Train (Parent in Train),train\InfectedFish\salmon_dis_72__contrast_reduction__factor_0p7.jpg
InfectedFish,Augmented,salmon_dis_72,salmon_dis_72__gaussian_blur__sigma_2p2.jpg,train,Included in Train (Parent in Train),train\InfectedFish\salmon_dis_72__gaussian_blur__sigma_2p2.jpg
InfectedFish,Augmented,salmon_dis_72,salmon_dis_72__gaussian_noise__var_0p02.jpg,train,Included in Train (Parent in Train),train\InfectedFish\salmon_dis_72__gaussian_noise__var_0p02.jpg
InfectedFish,Augmented,salmon_dis_72,salmon_dis_72__mirror__axis_x.jpg,train,Included in Train (Parent in Train),train\InfectedFish\salmon_dis_72__mirror__axis_x.jpg
InfectedFish,Augmented,salmon_dis_72,salmon_dis_72__mirror__axis_y.jpg,train,Included in Train (Parent in Train),train\InfectedFish\salmon_dis_72__mirror__axis_y.jpg
InfectedFish,Augmented,salmon_dis_72,salmon_dis_72__motion_blur__kernel_11__angle_45deg.jpg,train,Included in Train (Parent in Train),train\InfectedFish\salmon_dis_72__motion_blur__kernel_11__angle_45deg.jpg
InfectedFish,Augmented,salmon_dis_72,salmon_dis_72__motion_blur__kernel_7__angle_0deg.jpg,train,Included in Train (Parent in Train),train\InfectedFish\salmon_dis_72__motion_blur__kernel_7__angle_0deg.jpg
InfectedFish,Augmented,salmon_dis_72,salmon_dis_72__motion_blur__kernel_9__angle_90deg.jpg,train,Included in Train (Parent in Train),train\InfectedFish\salmon_dis_72__motion_blur__kernel_9__angle_90deg.jpg
InfectedFish,Augmented,salmon_dis_72,salmon_dis_72__rotation__angle_-10deg.jpg,train,Included in Train (Parent in Train),train\InfectedFish\salmon_dis_72__rotation__angle_-10deg.jpg
InfectedFish,Augmented,salmon_dis_72,salmon_dis_72__rotation__angle_10deg.jpg,train,Included in Train (Parent in Train),train\InfectedFish\salmon_dis_72__rotation__angle_10deg.jpg
InfectedFish,Augmented,salmon_dis_73,salmon_dis_73__brightness_reduction__factor_0p6.jpg,train,Included in Train (Parent in Train),train\InfectedFish\salmon_dis_73__brightness_reduction__factor_0p6.jpg
InfectedFish,Augmented,salmon_dis_73,salmon_dis_73__contrast_reduction__factor_0p7.jpg,train,Included in Train (Parent in Train),train\InfectedFish\salmon_dis_73__contrast_reduction__factor_0p7.jpg
InfectedFish,Augmented,salmon_dis_73,salmon_dis_73__gaussian_blur__sigma_2p2.jpg,train,Included in Train (Parent in Train),train\InfectedFish\salmon_dis_73__gaussian_blur__sigma_2p2.jpg
InfectedFish,Augmented,salmon_dis_73,salmon_dis_73__gaussian_noise__var_0p02.jpg,train,Included in Train (Parent in Train),train\InfectedFish\salmon_dis_73__gaussian_noise__var_0p02.jpg
InfectedFish,Augmented,salmon_dis_73,salmon_dis_73__mirror__axis_x.jpg,train,Included in Train (Parent in Train),train\InfectedFish\salmon_dis_73__mirror__axis_x.jpg
InfectedFish,Augmented,salmon_dis_73,salmon_dis_73__mirror__axis_y.jpg,train,Included in Train (Parent in Train),train\InfectedFish\salmon_dis_73__mirror__axis_y.jpg
InfectedFish,Augmented,salmon_dis_73,salmon_dis_73__motion_blur__kernel_11__angle_45deg.jpg,train,Included in Train (Parent in Train),train\InfectedFish\salmon_dis_73__motion_blur__kernel_11__angle_45deg.jpg
InfectedFish,Augmented,salmon_dis_73,salmon_dis_73__motion_blur__kernel_7__angle_0deg.jpg,train,Included in Train (Parent in Train),train\InfectedFish\salmon_dis_73__motion_blur__kernel_7__angle_0deg.jpg
InfectedFish,Augmented,salmon_dis_73,salmon_dis_73__motion_blur__kernel_9__angle_90deg.jpg,train,Included in Train (Parent in Train),train\InfectedFish\salmon_dis_73__motion_blur__kernel_9__angle_90deg.jpg
InfectedFish,Augmented,salmon_dis_73,salmon_dis_73__rotation__angle_-10deg.jpg,train,Included in Train (Parent in Train),train\InfectedFish\salmon_dis_73__rotation__angle_-10deg.jpg
InfectedFish,Augmented,salmon_dis_73,salmon_dis_73__rotation__angle_10deg.jpg,train,Included in Train (Parent in Train),train\InfectedFish\salmon_dis_73__rotation__angle_10deg.jpg
InfectedFish,Augmented,salmon_dis_74,salmon_dis_74__brightness_reduction__factor_0p6.jpg,train,Included in Train (Parent in Train),train\InfectedFish\salmon_dis_74__brightness_reduction__factor_0p6.jpg
InfectedFish,Augmented,salmon_dis_74,salmon_dis_74__contrast_reduction__factor_0p7.jpg,train,Included in Train (Parent in Train),train\InfectedFish\salmon_dis_74__contrast_reduction__factor_0p7.jpg
InfectedFish,Augmented,salmon_dis_74,salmon_dis_74__gaussian_blur__sigma_2p2.jpg,train,Included in Train (Parent in Train),train\InfectedFish\salmon_dis_74__gaussian_blur__sigma_2p2.jpg
InfectedFish,Augmented,salmon_dis_74,salmon_dis_74__gaussian_noise__var_0p02.jpg,train,Included in Train (Parent in Train),train\InfectedFish\salmon_dis_74__gaussian_noise__var_0p02.jpg
InfectedFish,Augmented,salmon_dis_74,salmon_dis_74__mirror__axis_x.jpg,train,Included in Train (Parent in Train),train\InfectedFish\salmon_dis_74__mirror__axis_x.jpg
InfectedFish,Augmented,salmon_dis_74,salmon_dis_74__mirror__axis_y.jpg,train,Included in Train (Parent in Train),train\InfectedFish\salmon_dis_74__mirror__axis_y.jpg
InfectedFish,Augmented,salmon_dis_74,salmon_dis_74__motion_blur__kernel_11__angle_45deg.jpg,train,Included in Train (Parent in Train),train\InfectedFish\salmon_dis_74__motion_blur__kernel_11__angle_45deg.jpg
InfectedFish,Augmented,salmon_dis_74,salmon_dis_74__motion_blur__kernel_7__angle_0deg.jpg,train,Included in Train (Parent in Train),train\InfectedFish\salmon_dis_74__motion_blur__kernel_7__angle_0deg.jpg
InfectedFish,Augmented,salmon_dis_74,salmon_dis_74__motion_blur__kernel_9__angle_90deg.jpg,train,Included in Train (Parent in Train),train\InfectedFish\salmon_dis_74__motion_blur__kernel_9__angle_90deg.jpg
InfectedFish,Augmented,salmon_dis_74,salmon_dis_74__rotation__angle_-10deg.jpg,train,Included in Train (Parent in Train),train\InfectedFish\salmon_dis_74__rotation__angle_-10deg.jpg
InfectedFish,Augmented,salmon_dis_74,salmon_dis_74__rotation__angle_10deg.jpg,train,Included in Train (Parent in Train),train\InfectedFish\salmon_dis_74__rotation__angle_10deg.jpg
InfectedFish,Augmented,salmon_dis_75,salmon_dis_75__brightness_reduction__factor_0p6.jpg,train,Included in Train (Parent in Train),train\InfectedFish\salmon_dis_75__brightness_reduction__factor_0p6.jpg
InfectedFish,Augmented,salmon_dis_75,salmon_dis_75__contrast_reduction__factor_0p7.jpg,train,Included in Train (Parent in Train),train\InfectedFish\salmon_dis_75__contrast_reduction__factor_0p7.jpg
InfectedFish,Augmented,salmon_dis_75,salmon_dis_75__gaussian_blur__sigma_2p2.jpg,train,Included in Train (Parent in Train),train\InfectedFish\salmon_dis_75__gaussian_blur__sigma_2p2.jpg
InfectedFish,Augmented,salmon_dis_75,salmon_dis_75__gaussian_noise__var_0p02.jpg,train,Included in Train (Parent in Train),train\InfectedFish\salmon_dis_75__gaussian_noise__var_0p02.jpg
InfectedFish,Augmented,salmon_dis_75,salmon_dis_75__mirror__axis_x.jpg,train,Included in Train (Parent in Train),train\InfectedFish\salmon_dis_75__mirror__axis_x.jpg
InfectedFish,Augmented,salmon_dis_75,salmon_dis_75__mirror__axis_y.jpg,train,Included in Train (Parent in Train),train\InfectedFish\salmon_dis_75__mirror__axis_y.jpg
InfectedFish,Augmented,salmon_dis_75,salmon_dis_75__motion_blur__kernel_11__angle_45deg.jpg,train,Included in Train (Parent in Train),train\InfectedFish\salmon_dis_75__motion_blur__kernel_11__angle_45deg.jpg
InfectedFish,Augmented,salmon_dis_75,salmon_dis_75__motion_blur__kernel_7__angle_0deg.jpg,train,Included in Train (Parent in Train),train\InfectedFish\salmon_dis_75__motion_blur__kernel_7__angle_0deg.jpg
InfectedFish,Augmented,salmon_dis_75,salmon_dis_75__motion_blur__kernel_9__angle_90deg.jpg,train,Included in Train (Parent in Train),train\InfectedFish\salmon_dis_75__motion_blur__kernel_9__angle_90deg.jpg
InfectedFish,Augmented,salmon_dis_75,salmon_dis_75__rotation__angle_-10deg.jpg,train,Included in Train (Parent in Train),train\InfectedFish\salmon_dis_75__rotation__angle_-10deg.jpg
InfectedFish,Augmented,salmon_dis_75,salmon_dis_75__rotation__angle_10deg.jpg,train,Included in Train (Parent in Train),train\InfectedFish\salmon_dis_75__rotation__angle_10deg.jpg
InfectedFish,Augmented,salmon_dis_76,salmon_dis_76__brightness_reduction__factor_0p6.jpg,ignored,Ignored (Parent in Test),None
InfectedFish,Augmented,salmon_dis_76,salmon_dis_76__contrast_reduction__factor_0p7.jpg,ignored,Ignored (Parent in Test),None
InfectedFish,Augmented,salmon_dis_76,salmon_dis_76__gaussian_blur__sigma_2p2.jpg,ignored,Ignored (Parent in Test),None
InfectedFish,Augmented,salmon_dis_76,salmon_dis_76__gaussian_noise__var_0p02.jpg,ignored,Ignored (Parent in Test),None
InfectedFish,Augmented,salmon_dis_76,salmon_dis_76__mirror__axis_x.jpg,ignored,Ignored (Parent in Test),None
InfectedFish,Augmented,salmon_dis_76,salmon_dis_76__mirror__axis_y.jpg,ignored,Ignored (Parent in Test),None
InfectedFish,Augmented,salmon_dis_76,salmon_dis_76__motion_blur__kernel_11__angle_45deg.jpg,ignored,Ignored (Parent in Test),None
InfectedFish,Augmented,salmon_dis_76,salmon_dis_76__motion_blur__kernel_7__angle_0deg.jpg,ignored,Ignored (Parent in Test),None
InfectedFish,Augmented,salmon_dis_76,salmon_dis_76__motion_blur__kernel_9__angle_90deg.jpg,ignored,Ignored (Parent in Test),None
InfectedFish,Augmented,salmon_dis_76,salmon_dis_76__rotation__angle_-10deg.jpg,ignored,Ignored (Parent in Test),None
InfectedFish,Augmented,salmon_dis_76,salmon_dis_76__rotation__angle_10deg.jpg,ignored,Ignored (Parent in Test),None
InfectedFish,Augmented,salmon_dis_77,salmon_dis_77__brightness_reduction__factor_0p6.jpg,train,Included in Train (Parent in Train),train\InfectedFish\salmon_dis_77__brightness_reduction__factor_0p6.jpg
InfectedFish,Augmented,salmon_dis_77,salmon_dis_77__contrast_reduction__factor_0p7.jpg,train,Included in Train (Parent in Train),train\InfectedFish\salmon_dis_77__contrast_reduction__factor_0p7.jpg
InfectedFish,Augmented,salmon_dis_77,salmon_dis_77__gaussian_blur__sigma_2p2.jpg,train,Included in Train (Parent in Train),train\InfectedFish\salmon_dis_77__gaussian_blur__sigma_2p2.jpg
InfectedFish,Augmented,salmon_dis_77,salmon_dis_77__gaussian_noise__var_0p02.jpg,train,Included in Train (Parent in Train),train\InfectedFish\salmon_dis_77__gaussian_noise__var_0p02.jpg
InfectedFish,Augmented,salmon_dis_77,salmon_dis_77__mirror__axis_x.jpg,train,Included in Train (Parent in Train),train\InfectedFish\salmon_dis_77__mirror__axis_x.jpg
InfectedFish,Augmented,salmon_dis_77,salmon_dis_77__mirror__axis_y.jpg,train,Included in Train (Parent in Train),train\InfectedFish\salmon_dis_77__mirror__axis_y.jpg
InfectedFish,Augmented,salmon_dis_77,salmon_dis_77__motion_blur__kernel_11__angle_45deg.jpg,train,Included in Train (Parent in Train),train\InfectedFish\salmon_dis_77__motion_blur__kernel_11__angle_45deg.jpg
InfectedFish,Augmented,salmon_dis_77,salmon_dis_77__motion_blur__kernel_7__angle_0deg.jpg,train,Included in Train (Parent in Train),train\InfectedFish\salmon_dis_77__motion_blur__kernel_7__angle_0deg.jpg
InfectedFish,Augmented,salmon_dis_77,salmon_dis_77__motion_blur__kernel_9__angle_90deg.jpg,train,Included in Train (Parent in Train),train\InfectedFish\salmon_dis_77__motion_blur__kernel_9__angle_90deg.jpg
InfectedFish,Augmented,salmon_dis_77,salmon_dis_77__rotation__angle_-10deg.jpg,train,Included in Train (Parent in Train),train\InfectedFish\salmon_dis_77__rotation__angle_-10deg.jpg
InfectedFish,Augmented,salmon_dis_77,salmon_dis_77__rotation__angle_10deg.jpg,train,Included in Train (Parent in Train),train\InfectedFish\salmon_dis_77__rotation__angle_10deg.jpg
InfectedFish,Augmented,salmon_dis_78,salmon_dis_78__brightness_reduction__factor_0p6.jpg,train,Included in Train (Parent in Train),train\InfectedFish\salmon_dis_78__brightness_reduction__factor_0p6.jpg
InfectedFish,Augmented,salmon_dis_78,salmon_dis_78__contrast_reduction__factor_0p7.jpg,train,Included in Train (Parent in Train),train\InfectedFish\salmon_dis_78__contrast_reduction__factor_0p7.jpg
InfectedFish,Augmented,salmon_dis_78,salmon_dis_78__gaussian_blur__sigma_2p2.jpg,train,Included in Train (Parent in Train),train\InfectedFish\salmon_dis_78__gaussian_blur__sigma_2p2.jpg
InfectedFish,Augmented,salmon_dis_78,salmon_dis_78__gaussian_noise__var_0p02.jpg,train,Included in Train (Parent in Train),train\InfectedFish\salmon_dis_78__gaussian_noise__var_0p02.jpg
InfectedFish,Augmented,salmon_dis_78,salmon_dis_78__mirror__axis_x.jpg,train,Included in Train (Parent in Train),train\InfectedFish\salmon_dis_78__mirror__axis_x.jpg
InfectedFish,Augmented,salmon_dis_78,salmon_dis_78__mirror__axis_y.jpg,train,Included in Train (Parent in Train),train\InfectedFish\salmon_dis_78__mirror__axis_y.jpg
InfectedFish,Augmented,salmon_dis_78,salmon_dis_78__motion_blur__kernel_11__angle_45deg.jpg,train,Included in Train (Parent in Train),train\InfectedFish\salmon_dis_78__motion_blur__kernel_11__angle_45deg.jpg
InfectedFish,Augmented,salmon_dis_78,salmon_dis_78__motion_blur__kernel_7__angle_0deg.jpg,train,Included in Train (Parent in Train),train\InfectedFish\salmon_dis_78__motion_blur__kernel_7__angle_0deg.jpg
InfectedFish,Augmented,salmon_dis_78,salmon_dis_78__motion_blur__kernel_9__angle_90deg.jpg,train,Included in Train (Parent in Train),train\InfectedFish\salmon_dis_78__motion_blur__kernel_9__angle_90deg.jpg
InfectedFish,Augmented,salmon_dis_78,salmon_dis_78__rotation__angle_-10deg.jpg,train,Included in Train (Parent in Train),train\InfectedFish\salmon_dis_78__rotation__angle_-10deg.jpg
InfectedFish,Augmented,salmon_dis_78,salmon_dis_78__rotation__angle_10deg.jpg,train,Included in Train (Parent in Train),train\InfectedFish\salmon_dis_78__rotation__angle_10deg.jpg
InfectedFish,Augmented,salmon_dis_79,salmon_dis_79__brightness_reduction__factor_0p6.jpg,train,Included in Train (Parent in Train),train\InfectedFish\salmon_dis_79__brightness_reduction__factor_0p6.jpg
InfectedFish,Augmented,salmon_dis_79,salmon_dis_79__contrast_reduction__factor_0p7.jpg,train,Included in Train (Parent in Train),train\InfectedFish\salmon_dis_79__contrast_reduction__factor_0p7.jpg
InfectedFish,Augmented,salmon_dis_79,salmon_dis_79__gaussian_blur__sigma_2p2.jpg,train,Included in Train (Parent in Train),train\InfectedFish\salmon_dis_79__gaussian_blur__sigma_2p2.jpg
InfectedFish,Augmented,salmon_dis_79,salmon_dis_79__gaussian_noise__var_0p02.jpg,train,Included in Train (Parent in Train),train\InfectedFish\salmon_dis_79__gaussian_noise__var_0p02.jpg
InfectedFish,Augmented,salmon_dis_79,salmon_dis_79__mirror__axis_x.jpg,train,Included in Train (Parent in Train),train\InfectedFish\salmon_dis_79__mirror__axis_x.jpg
InfectedFish,Augmented,salmon_dis_79,salmon_dis_79__mirror__axis_y.jpg,train,Included in Train (Parent in Train),train\InfectedFish\salmon_dis_79__mirror__axis_y.jpg
InfectedFish,Augmented,salmon_dis_79,salmon_dis_79__motion_blur__kernel_11__angle_45deg.jpg,train,Included in Train (Parent in Train),train\InfectedFish\salmon_dis_79__motion_blur__kernel_11__angle_45deg.jpg
InfectedFish,Augmented,salmon_dis_79,salmon_dis_79__motion_blur__kernel_7__angle_0deg.jpg,train,Included in Train (Parent in Train),train\InfectedFish\salmon_dis_79__motion_blur__kernel_7__angle_0deg.jpg
InfectedFish,Augmented,salmon_dis_79,salmon_dis_79__motion_blur__kernel_9__angle_90deg.jpg,train,Included in Train (Parent in Train),train\InfectedFish\salmon_dis_79__motion_blur__kernel_9__angle_90deg.jpg
InfectedFish,Augmented,salmon_dis_79,salmon_dis_79__rotation__angle_-10deg.jpg,train,Included in Train (Parent in Train),train\InfectedFish\salmon_dis_79__rotation__angle_-10deg.jpg
InfectedFish,Augmented,salmon_dis_79,salmon_dis_79__rotation__angle_10deg.jpg,train,Included in Train (Parent in Train),train\InfectedFish\salmon_dis_79__rotation__angle_10deg.jpg
InfectedFish,Augmented,salmon_dis_80,salmon_dis_80__brightness_reduction__factor_0p6.jpg,ignored,Ignored (Parent in Test),None
InfectedFish,Augmented,salmon_dis_80,salmon_dis_80__contrast_reduction__factor_0p7.jpg,ignored,Ignored (Parent in Test),None
InfectedFish,Augmented,salmon_dis_80,salmon_dis_80__gaussian_blur__sigma_2p2.jpg,ignored,Ignored (Parent in Test),None
InfectedFish,Augmented,salmon_dis_80,salmon_dis_80__gaussian_noise__var_0p02.jpg,ignored,Ignored (Parent in Test),None
InfectedFish,Augmented,salmon_dis_80,salmon_dis_80__mirror__axis_x.jpg,ignored,Ignored (Parent in Test),None
InfectedFish,Augmented,salmon_dis_80,salmon_dis_80__mirror__axis_y.jpg,ignored,Ignored (Parent in Test),None
InfectedFish,Augmented,salmon_dis_80,salmon_dis_80__motion_blur__kernel_11__angle_45deg.jpg,ignored,Ignored (Parent in Test),None
InfectedFish,Augmented,salmon_dis_80,salmon_dis_80__motion_blur__kernel_7__angle_0deg.jpg,ignored,Ignored (Parent in Test),None
InfectedFish,Augmented,salmon_dis_80,salmon_dis_80__motion_blur__kernel_9__angle_90deg.jpg,ignored,Ignored (Parent in Test),None
InfectedFish,Augmented,salmon_dis_80,salmon_dis_80__rotation__angle_-10deg.jpg,ignored,Ignored (Parent in Test),None
InfectedFish,Augmented,salmon_dis_80,salmon_dis_80__rotation__angle_10deg.jpg,ignored,Ignored (Parent in Test),None
InfectedFish,Augmented,salmon_dis_81,salmon_dis_81__brightness_reduction__factor_0p6.jpg,train,Included in Train (Parent in Train),train\InfectedFish\salmon_dis_81__brightness_reduction__factor_0p6.jpg
InfectedFish,Augmented,salmon_dis_81,salmon_dis_81__contrast_reduction__factor_0p7.jpg,train,Included in Train (Parent in Train),train\InfectedFish\salmon_dis_81__contrast_reduction__factor_0p7.jpg
InfectedFish,Augmented,salmon_dis_81,salmon_dis_81__gaussian_blur__sigma_2p2.jpg,train,Included in Train (Parent in Train),train\InfectedFish\salmon_dis_81__gaussian_blur__sigma_2p2.jpg
InfectedFish,Augmented,salmon_dis_81,salmon_dis_81__gaussian_noise__var_0p02.jpg,train,Included in Train (Parent in Train),train\InfectedFish\salmon_dis_81__gaussian_noise__var_0p02.jpg
InfectedFish,Augmented,salmon_dis_81,salmon_dis_81__mirror__axis_x.jpg,train,Included in Train (Parent in Train),train\InfectedFish\salmon_dis_81__mirror__axis_x.jpg
InfectedFish,Augmented,salmon_dis_81,salmon_dis_81__mirror__axis_y.jpg,train,Included in Train (Parent in Train),train\InfectedFish\salmon_dis_81__mirror__axis_y.jpg
InfectedFish,Augmented,salmon_dis_81,salmon_dis_81__motion_blur__kernel_11__angle_45deg.jpg,train,Included in Train (Parent in Train),train\InfectedFish\salmon_dis_81__motion_blur__kernel_11__angle_45deg.jpg
InfectedFish,Augmented,salmon_dis_81,salmon_dis_81__motion_blur__kernel_7__angle_0deg.jpg,train,Included in Train (Parent in Train),train\InfectedFish\salmon_dis_81__motion_blur__kernel_7__angle_0deg.jpg
InfectedFish,Augmented,salmon_dis_81,salmon_dis_81__motion_blur__kernel_9__angle_90deg.jpg,train,Included in Train (Parent in Train),train\InfectedFish\salmon_dis_81__motion_blur__kernel_9__angle_90deg.jpg
InfectedFish,Augmented,salmon_dis_81,salmon_dis_81__rotation__angle_-10deg.jpg,train,Included in Train (Parent in Train),train\InfectedFish\salmon_dis_81__rotation__angle_-10deg.jpg
InfectedFish,Augmented,salmon_dis_81,salmon_dis_81__rotation__angle_10deg.jpg,train,Included in Train (Parent in Train),train\InfectedFish\salmon_dis_81__rotation__angle_10deg.jpg
InfectedFish,Augmented,salmon_dis_82,salmon_dis_82__brightness_reduction__factor_0p6.jpg,train,Included in Train (Parent in Train),train\InfectedFish\salmon_dis_82__brightness_reduction__factor_0p6.jpg
InfectedFish,Augmented,salmon_dis_82,salmon_dis_82__contrast_reduction__factor_0p7.jpg,train,Included in Train (Parent in Train),train\InfectedFish\salmon_dis_82__contrast_reduction__factor_0p7.jpg
InfectedFish,Augmented,salmon_dis_82,salmon_dis_82__gaussian_blur__sigma_2p2.jpg,train,Included in Train (Parent in Train),train\InfectedFish\salmon_dis_82__gaussian_blur__sigma_2p2.jpg
InfectedFish,Augmented,salmon_dis_82,salmon_dis_82__gaussian_noise__var_0p02.jpg,train,Included in Train (Parent in Train),train\InfectedFish\salmon_dis_82__gaussian_noise__var_0p02.jpg
InfectedFish,Augmented,salmon_dis_82,salmon_dis_82__mirror__axis_x.jpg,train,Included in Train (Parent in Train),train\InfectedFish\salmon_dis_82__mirror__axis_x.jpg
InfectedFish,Augmented,salmon_dis_82,salmon_dis_82__mirror__axis_y.jpg,train,Included in Train (Parent in Train),train\InfectedFish\salmon_dis_82__mirror__axis_y.jpg
InfectedFish,Augmented,salmon_dis_82,salmon_dis_82__motion_blur__kernel_11__angle_45deg.jpg,train,Included in Train (Parent in Train),train\InfectedFish\salmon_dis_82__motion_blur__kernel_11__angle_45deg.jpg
InfectedFish,Augmented,salmon_dis_82,salmon_dis_82__motion_blur__kernel_7__angle_0deg.jpg,train,Included in Train (Parent in Train),train\InfectedFish\salmon_dis_82__motion_blur__kernel_7__angle_0deg.jpg
InfectedFish,Augmented,salmon_dis_82,salmon_dis_82__motion_blur__kernel_9__angle_90deg.jpg,train,Included in Train (Parent in Train),train\InfectedFish\salmon_dis_82__motion_blur__kernel_9__angle_90deg.jpg
InfectedFish,Augmented,salmon_dis_82,salmon_dis_82__rotation__angle_-10deg.jpg,train,Included in Train (Parent in Train),train\InfectedFish\salmon_dis_82__rotation__angle_-10deg.jpg
InfectedFish,Augmented,salmon_dis_82,salmon_dis_82__rotation__angle_10deg.jpg,train,Included in Train (Parent in Train),train\InfectedFish\salmon_dis_82__rotation__angle_10deg.jpg
InfectedFish,Augmented,salmon_dis_83,salmon_dis_83__brightness_reduction__factor_0p6.jpg,train,Included in Train (Parent in Train),train\InfectedFish\salmon_dis_83__brightness_reduction__factor_0p6.jpg
InfectedFish,Augmented,salmon_dis_83,salmon_dis_83__contrast_reduction__factor_0p7.jpg,train,Included in Train (Parent in Train),train\InfectedFish\salmon_dis_83__contrast_reduction__factor_0p7.jpg
InfectedFish,Augmented,salmon_dis_83,salmon_dis_83__gaussian_blur__sigma_2p2.jpg,train,Included in Train (Parent in Train),train\InfectedFish\salmon_dis_83__gaussian_blur__sigma_2p2.jpg
InfectedFish,Augmented,salmon_dis_83,salmon_dis_83__gaussian_noise__var_0p02.jpg,train,Included in Train (Parent in Train),train\InfectedFish\salmon_dis_83__gaussian_noise__var_0p02.jpg
InfectedFish,Augmented,salmon_dis_83,salmon_dis_83__mirror__axis_x.jpg,train,Included in Train (Parent in Train),train\InfectedFish\salmon_dis_83__mirror__axis_x.jpg
InfectedFish,Augmented,salmon_dis_83,salmon_dis_83__mirror__axis_y.jpg,train,Included in Train (Parent in Train),train\InfectedFish\salmon_dis_83__mirror__axis_y.jpg
InfectedFish,Augmented,salmon_dis_83,salmon_dis_83__motion_blur__kernel_11__angle_45deg.jpg,train,Included in Train (Parent in Train),train\InfectedFish\salmon_dis_83__motion_blur__kernel_11__angle_45deg.jpg
InfectedFish,Augmented,salmon_dis_83,salmon_dis_83__motion_blur__kernel_7__angle_0deg.jpg,train,Included in Train (Parent in Train),train\InfectedFish\salmon_dis_83__motion_blur__kernel_7__angle_0deg.jpg
InfectedFish,Augmented,salmon_dis_83,salmon_dis_83__motion_blur__kernel_9__angle_90deg.jpg,train,Included in Train (Parent in Train),train\InfectedFish\salmon_dis_83__motion_blur__kernel_9__angle_90deg.jpg
InfectedFish,Augmented,salmon_dis_83,salmon_dis_83__rotation__angle_-10deg.jpg,train,Included in Train (Parent in Train),train\InfectedFish\salmon_dis_83__rotation__angle_-10deg.jpg
InfectedFish,Augmented,salmon_dis_83,salmon_dis_83__rotation__angle_10deg.jpg,train,Included in Train (Parent in Train),train\InfectedFish\salmon_dis_83__rotation__angle_10deg.jpg
InfectedFish,Augmented,salmon_dis_84,salmon_dis_84__brightness_reduction__factor_0p6.jpg,ignored,Ignored (Parent in Test),None
InfectedFish,Augmented,salmon_dis_84,salmon_dis_84__contrast_reduction__factor_0p7.jpg,ignored,Ignored (Parent in Test),None
InfectedFish,Augmented,salmon_dis_84,salmon_dis_84__gaussian_blur__sigma_2p2.jpg,ignored,Ignored (Parent in Test),None
InfectedFish,Augmented,salmon_dis_84,salmon_dis_84__gaussian_noise__var_0p02.jpg,ignored,Ignored (Parent in Test),None
InfectedFish,Augmented,salmon_dis_84,salmon_dis_84__mirror__axis_x.jpg,ignored,Ignored (Parent in Test),None
InfectedFish,Augmented,salmon_dis_84,salmon_dis_84__mirror__axis_y.jpg,ignored,Ignored (Parent in Test),None
InfectedFish,Augmented,salmon_dis_84,salmon_dis_84__motion_blur__kernel_11__angle_45deg.jpg,ignored,Ignored (Parent in Test),None
InfectedFish,Augmented,salmon_dis_84,salmon_dis_84__motion_blur__kernel_7__angle_0deg.jpg,ignored,Ignored (Parent in Test),None
InfectedFish,Augmented,salmon_dis_84,salmon_dis_84__motion_blur__kernel_9__angle_90deg.jpg,ignored,Ignored (Parent in Test),None
InfectedFish,Augmented,salmon_dis_84,salmon_dis_84__rotation__angle_-10deg.jpg,ignored,Ignored (Parent in Test),None
InfectedFish,Augmented,salmon_dis_84,salmon_dis_84__rotation__angle_10deg.jpg,ignored,Ignored (Parent in Test),None
InfectedFish,Augmented,salmon_dis_85,salmon_dis_85__brightness_reduction__factor_0p6.jpg,train,Included in Train (Parent in Train),train\InfectedFish\salmon_dis_85__brightness_reduction__factor_0p6.jpg
InfectedFish,Augmented,salmon_dis_85,salmon_dis_85__contrast_reduction__factor_0p7.jpg,train,Included in Train (Parent in Train),train\InfectedFish\salmon_dis_85__contrast_reduction__factor_0p7.jpg
InfectedFish,Augmented,salmon_dis_85,salmon_dis_85__gaussian_blur__sigma_2p2.jpg,train,Included in Train (Parent in Train),train\InfectedFish\salmon_dis_85__gaussian_blur__sigma_2p2.jpg
InfectedFish,Augmented,salmon_dis_85,salmon_dis_85__gaussian_noise__var_0p02.jpg,train,Included in Train (Parent in Train),train\InfectedFish\salmon_dis_85__gaussian_noise__var_0p02.jpg
InfectedFish,Augmented,salmon_dis_85,salmon_dis_85__mirror__axis_x.jpg,train,Included in Train (Parent in Train),train\InfectedFish\salmon_dis_85__mirror__axis_x.jpg
InfectedFish,Augmented,salmon_dis_85,salmon_dis_85__mirror__axis_y.jpg,train,Included in Train (Parent in Train),train\InfectedFish\salmon_dis_85__mirror__axis_y.jpg
InfectedFish,Augmented,salmon_dis_85,salmon_dis_85__motion_blur__kernel_11__angle_45deg.jpg,train,Included in Train (Parent in Train),train\InfectedFish\salmon_dis_85__motion_blur__kernel_11__angle_45deg.jpg
InfectedFish,Augmented,salmon_dis_85,salmon_dis_85__motion_blur__kernel_7__angle_0deg.jpg,train,Included in Train (Parent in Train),train\InfectedFish\salmon_dis_85__motion_blur__kernel_7__angle_0deg.jpg
InfectedFish,Augmented,salmon_dis_85,salmon_dis_85__motion_blur__kernel_9__angle_90deg.jpg,train,Included in Train (Parent in Train),train\InfectedFish\salmon_dis_85__motion_blur__kernel_9__angle_90deg.jpg
InfectedFish,Augmented,salmon_dis_85,salmon_dis_85__rotation__angle_-10deg.jpg,train,Included in Train (Parent in Train),train\InfectedFish\salmon_dis_85__rotation__angle_-10deg.jpg
InfectedFish,Augmented,salmon_dis_85,salmon_dis_85__rotation__angle_10deg.jpg,train,Included in Train (Parent in Train),train\InfectedFish\salmon_dis_85__rotation__angle_10deg.jpg
InfectedFish,Augmented,salmon_dis_86,salmon_dis_86__brightness_reduction__factor_0p6.jpg,train,Included in Train (Parent in Train),train\InfectedFish\salmon_dis_86__brightness_reduction__factor_0p6.jpg
InfectedFish,Augmented,salmon_dis_86,salmon_dis_86__contrast_reduction__factor_0p7.jpg,train,Included in Train (Parent in Train),train\InfectedFish\salmon_dis_86__contrast_reduction__factor_0p7.jpg
InfectedFish,Augmented,salmon_dis_86,salmon_dis_86__gaussian_blur__sigma_2p2.jpg,train,Included in Train (Parent in Train),train\InfectedFish\salmon_dis_86__gaussian_blur__sigma_2p2.jpg
InfectedFish,Augmented,salmon_dis_86,salmon_dis_86__gaussian_noise__var_0p02.jpg,train,Included in Train (Parent in Train),train\InfectedFish\salmon_dis_86__gaussian_noise__var_0p02.jpg
InfectedFish,Augmented,salmon_dis_86,salmon_dis_86__mirror__axis_x.jpg,train,Included in Train (Parent in Train),train\InfectedFish\salmon_dis_86__mirror__axis_x.jpg
InfectedFish,Augmented,salmon_dis_86,salmon_dis_86__mirror__axis_y.jpg,train,Included in Train (Parent in Train),train\InfectedFish\salmon_dis_86__mirror__axis_y.jpg
InfectedFish,Augmented,salmon_dis_86,salmon_dis_86__motion_blur__kernel_11__angle_45deg.jpg,train,Included in Train (Parent in Train),train\InfectedFish\salmon_dis_86__motion_blur__kernel_11__angle_45deg.jpg
InfectedFish,Augmented,salmon_dis_86,salmon_dis_86__motion_blur__kernel_7__angle_0deg.jpg,train,Included in Train (Parent in Train),train\InfectedFish\salmon_dis_86__motion_blur__kernel_7__angle_0deg.jpg
InfectedFish,Augmented,salmon_dis_86,salmon_dis_86__motion_blur__kernel_9__angle_90deg.jpg,train,Included in Train (Parent in Train),train\InfectedFish\salmon_dis_86__motion_blur__kernel_9__angle_90deg.jpg
InfectedFish,Augmented,salmon_dis_86,salmon_dis_86__rotation__angle_-10deg.jpg,train,Included in Train (Parent in Train),train\InfectedFish\salmon_dis_86__rotation__angle_-10deg.jpg
InfectedFish,Augmented,salmon_dis_86,salmon_dis_86__rotation__angle_10deg.jpg,train,Included in Train (Parent in Train),train\InfectedFish\salmon_dis_86__rotation__angle_10deg.jpg
InfectedFish,Augmented,salmon_dis_87,salmon_dis_87__brightness_reduction__factor_0p6.jpg,train,Included in Train (Parent in Train),train\InfectedFish\salmon_dis_87__brightness_reduction__factor_0p6.jpg
InfectedFish,Augmented,salmon_dis_87,salmon_dis_87__contrast_reduction__factor_0p7.jpg,train,Included in Train (Parent in Train),train\InfectedFish\salmon_dis_87__contrast_reduction__factor_0p7.jpg
InfectedFish,Augmented,salmon_dis_87,salmon_dis_87__gaussian_blur__sigma_2p2.jpg,train,Included in Train (Parent in Train),train\InfectedFish\salmon_dis_87__gaussian_blur__sigma_2p2.jpg
InfectedFish,Augmented,salmon_dis_87,salmon_dis_87__gaussian_noise__var_0p02.jpg,train,Included in Train (Parent in Train),train\InfectedFish\salmon_dis_87__gaussian_noise__var_0p02.jpg
InfectedFish,Augmented,salmon_dis_87,salmon_dis_87__mirror__axis_x.jpg,train,Included in Train (Parent in Train),train\InfectedFish\salmon_dis_87__mirror__axis_x.jpg
InfectedFish,Augmented,salmon_dis_87,salmon_dis_87__mirror__axis_y.jpg,train,Included in Train (Parent in Train),train\InfectedFish\salmon_dis_87__mirror__axis_y.jpg
InfectedFish,Augmented,salmon_dis_87,salmon_dis_87__motion_blur__kernel_11__angle_45deg.jpg,train,Included in Train (Parent in Train),train\InfectedFish\salmon_dis_87__motion_blur__kernel_11__angle_45deg.jpg
InfectedFish,Augmented,salmon_dis_87,salmon_dis_87__motion_blur__kernel_7__angle_0deg.jpg,train,Included in Train (Parent in Train),train\InfectedFish\salmon_dis_87__motion_blur__kernel_7__angle_0deg.jpg
InfectedFish,Augmented,salmon_dis_87,salmon_dis_87__motion_blur__kernel_9__angle_90deg.jpg,train,Included in Train (Parent in Train),train\InfectedFish\salmon_dis_87__motion_blur__kernel_9__angle_90deg.jpg
InfectedFish,Augmented,salmon_dis_87,salmon_dis_87__rotation__angle_-10deg.jpg,train,Included in Train (Parent in Train),train\InfectedFish\salmon_dis_87__rotation__angle_-10deg.jpg
InfectedFish,Augmented,salmon_dis_87,salmon_dis_87__rotation__angle_10deg.jpg,train,Included in Train (Parent in Train),train\InfectedFish\salmon_dis_87__rotation__angle_10deg.jpg
InfectedFish,Augmented,salmon_dis_88,salmon_dis_88__brightness_reduction__factor_0p6.jpg,train,Included in Train (Parent in Train),train\InfectedFish\salmon_dis_88__brightness_reduction__factor_0p6.jpg
InfectedFish,Augmented,salmon_dis_88,salmon_dis_88__contrast_reduction__factor_0p7.jpg,train,Included in Train (Parent in Train),train\InfectedFish\salmon_dis_88__contrast_reduction__factor_0p7.jpg
InfectedFish,Augmented,salmon_dis_88,salmon_dis_88__gaussian_blur__sigma_2p2.jpg,train,Included in Train (Parent in Train),train\InfectedFish\salmon_dis_88__gaussian_blur__sigma_2p2.jpg
InfectedFish,Augmented,salmon_dis_88,salmon_dis_88__gaussian_noise__var_0p02.jpg,train,Included in Train (Parent in Train),train\InfectedFish\salmon_dis_88__gaussian_noise__var_0p02.jpg
InfectedFish,Augmented,salmon_dis_88,salmon_dis_88__mirror__axis_x.jpg,train,Included in Train (Parent in Train),train\InfectedFish\salmon_dis_88__mirror__axis_x.jpg
InfectedFish,Augmented,salmon_dis_88,salmon_dis_88__mirror__axis_y.jpg,train,Included in Train (Parent in Train),train\InfectedFish\salmon_dis_88__mirror__axis_y.jpg
InfectedFish,Augmented,salmon_dis_88,salmon_dis_88__motion_blur__kernel_11__angle_45deg.jpg,train,Included in Train (Parent in Train),train\InfectedFish\salmon_dis_88__motion_blur__kernel_11__angle_45deg.jpg
InfectedFish,Augmented,salmon_dis_88,salmon_dis_88__motion_blur__kernel_7__angle_0deg.jpg,train,Included in Train (Parent in Train),train\InfectedFish\salmon_dis_88__motion_blur__kernel_7__angle_0deg.jpg
InfectedFish,Augmented,salmon_dis_88,salmon_dis_88__motion_blur__kernel_9__angle_90deg.jpg,train,Included in Train (Parent in Train),train\InfectedFish\salmon_dis_88__motion_blur__kernel_9__angle_90deg.jpg
InfectedFish,Augmented,salmon_dis_88,salmon_dis_88__rotation__angle_-10deg.jpg,train,Included in Train (Parent in Train),train\InfectedFish\salmon_dis_88__rotation__angle_-10deg.jpg
InfectedFish,Augmented,salmon_dis_88,salmon_dis_88__rotation__angle_10deg.jpg,train,Included in Train (Parent in Train),train\InfectedFish\salmon_dis_88__rotation__angle_10deg.jpg
InfectedFish,Augmented,salmon_dis_89,salmon_dis_89__brightness_reduction__factor_0p6.jpg,train,Included in Train (Parent in Train),train\InfectedFish\salmon_dis_89__brightness_reduction__factor_0p6.jpg
InfectedFish,Augmented,salmon_dis_89,salmon_dis_89__contrast_reduction__factor_0p7.jpg,train,Included in Train (Parent in Train),train\InfectedFish\salmon_dis_89__contrast_reduction__factor_0p7.jpg
InfectedFish,Augmented,salmon_dis_89,salmon_dis_89__gaussian_blur__sigma_2p2.jpg,train,Included in Train (Parent in Train),train\InfectedFish\salmon_dis_89__gaussian_blur__sigma_2p2.jpg
InfectedFish,Augmented,salmon_dis_89,salmon_dis_89__gaussian_noise__var_0p02.jpg,train,Included in Train (Parent in Train),train\InfectedFish\salmon_dis_89__gaussian_noise__var_0p02.jpg
InfectedFish,Augmented,salmon_dis_89,salmon_dis_89__mirror__axis_x.jpg,train,Included in Train (Parent in Train),train\InfectedFish\salmon_dis_89__mirror__axis_x.jpg
InfectedFish,Augmented,salmon_dis_89,salmon_dis_89__mirror__axis_y.jpg,train,Included in Train (Parent in Train),train\InfectedFish\salmon_dis_89__mirror__axis_y.jpg
InfectedFish,Augmented,salmon_dis_89,salmon_dis_89__motion_blur__kernel_11__angle_45deg.jpg,train,Included in Train (Parent in Train),train\InfectedFish\salmon_dis_89__motion_blur__kernel_11__angle_45deg.jpg
InfectedFish,Augmented,salmon_dis_89,salmon_dis_89__motion_blur__kernel_7__angle_0deg.jpg,train,Included in Train (Parent in Train),train\InfectedFish\salmon_dis_89__motion_blur__kernel_7__angle_0deg.jpg
InfectedFish,Augmented,salmon_dis_89,salmon_dis_89__motion_blur__kernel_9__angle_90deg.jpg,train,Included in Train (Parent in Train),train\InfectedFish\salmon_dis_89__motion_blur__kernel_9__angle_90deg.jpg
InfectedFish,Augmented,salmon_dis_89,salmon_dis_89__rotation__angle_-10deg.jpg,train,Included in Train (Parent in Train),train\InfectedFish\salmon_dis_89__rotation__angle_-10deg.jpg
InfectedFish,Augmented,salmon_dis_89,salmon_dis_89__rotation__angle_10deg.jpg,train,Included in Train (Parent in Train),train\InfectedFish\salmon_dis_89__rotation__angle_10deg.jpg
InfectedFish,Augmented,salmon_dis_90,salmon_dis_90__brightness_reduction__factor_0p6.jpg,ignored,Ignored (Parent in Test),None
InfectedFish,Augmented,salmon_dis_90,salmon_dis_90__contrast_reduction__factor_0p7.jpg,ignored,Ignored (Parent in Test),None
InfectedFish,Augmented,salmon_dis_90,salmon_dis_90__gaussian_blur__sigma_2p2.jpg,ignored,Ignored (Parent in Test),None
InfectedFish,Augmented,salmon_dis_90,salmon_dis_90__gaussian_noise__var_0p02.jpg,ignored,Ignored (Parent in Test),None
InfectedFish,Augmented,salmon_dis_90,salmon_dis_90__mirror__axis_x.jpg,ignored,Ignored (Parent in Test),None
InfectedFish,Augmented,salmon_dis_90,salmon_dis_90__mirror__axis_y.jpg,ignored,Ignored (Parent in Test),None
InfectedFish,Augmented,salmon_dis_90,salmon_dis_90__motion_blur__kernel_11__angle_45deg.jpg,ignored,Ignored (Parent in Test),None
InfectedFish,Augmented,salmon_dis_90,salmon_dis_90__motion_blur__kernel_7__angle_0deg.jpg,ignored,Ignored (Parent in Test),None
InfectedFish,Augmented,salmon_dis_90,salmon_dis_90__motion_blur__kernel_9__angle_90deg.jpg,ignored,Ignored (Parent in Test),None
InfectedFish,Augmented,salmon_dis_90,salmon_dis_90__rotation__angle_-10deg.jpg,ignored,Ignored (Parent in Test),None
InfectedFish,Augmented,salmon_dis_90,salmon_dis_90__rotation__angle_10deg.jpg,ignored,Ignored (Parent in Test),None
InfectedFish,Augmented,salmon_dis_91,salmon_dis_91__brightness_reduction__factor_0p6.jpg,ignored,Ignored (Parent in Test),None
InfectedFish,Augmented,salmon_dis_91,salmon_dis_91__contrast_reduction__factor_0p7.jpg,ignored,Ignored (Parent in Test),None
InfectedFish,Augmented,salmon_dis_91,salmon_dis_91__gaussian_blur__sigma_2p2.jpg,ignored,Ignored (Parent in Test),None
InfectedFish,Augmented,salmon_dis_91,salmon_dis_91__gaussian_noise__var_0p02.jpg,ignored,Ignored (Parent in Test),None
InfectedFish,Augmented,salmon_dis_91,salmon_dis_91__mirror__axis_x.jpg,ignored,Ignored (Parent in Test),None
InfectedFish,Augmented,salmon_dis_91,salmon_dis_91__mirror__axis_y.jpg,ignored,Ignored (Parent in Test),None
InfectedFish,Augmented,salmon_dis_91,salmon_dis_91__motion_blur__kernel_11__angle_45deg.jpg,ignored,Ignored (Parent in Test),None
InfectedFish,Augmented,salmon_dis_91,salmon_dis_91__motion_blur__kernel_7__angle_0deg.jpg,ignored,Ignored (Parent in Test),None
InfectedFish,Augmented,salmon_dis_91,salmon_dis_91__motion_blur__kernel_9__angle_90deg.jpg,ignored,Ignored (Parent in Test),None
InfectedFish,Augmented,salmon_dis_91,salmon_dis_91__rotation__angle_-10deg.jpg,ignored,Ignored (Parent in Test),None
InfectedFish,Augmented,salmon_dis_91,salmon_dis_91__rotation__angle_10deg.jpg,ignored,Ignored (Parent in Test),None
